timestamp,gpu_timestamp,gpu_util_pct,mem_used_mib,mem_total_mib,power_w,temp_c
2026-05-12T00:49:08+08:00,2026/05/12 00:49:07.990,8,299,24564,30.06,37
2026-05-12T00:49:10+08:00,2026/05/12 00:49:10.355,0,299,24564,10.10,37
2026-05-12T00:49:12+08:00,2026/05/12 00:49:12.460,1,310,24564,6.21,36
2026-05-12T00:49:14+08:00,2026/05/12 00:49:14.566,1,1842,24564,55.83,38
2026-05-12T00:49:16+08:00,2026/05/12 00:49:16.656,1,2130,24564,56.10,38
2026-05-12T00:49:18+08:00,2026/05/12 00:49:18.742,1,2170,24564,56.52,38
2026-05-12T00:49:20+08:00,2026/05/12 00:49:20.926,3,2170,24564,18.99,37
2026-05-12T00:49:23+08:00,2026/05/12 00:49:23.004,5,2170,24564,16.88,37
2026-05-12T00:49:25+08:00,2026/05/12 00:49:25.091,4,2170,24564,16.59,37
2026-05-12T00:49:27+08:00,2026/05/12 00:49:27.178,3,2170,24564,16.40,37
2026-05-12T00:49:29+08:00,2026/05/12 00:49:29.355,4,2170,24564,16.27,37
2026-05-12T00:49:31+08:00,2026/05/12 00:49:31.440,4,2170,24564,16.28,37
2026-05-12T00:49:33+08:00,2026/05/12 00:49:33.528,3,2170,24564,16.01,37
2026-05-12T00:49:35+08:00,2026/05/12 00:49:35.618,8,2170,24564,15.82,37
2026-05-12T00:49:37+08:00,2026/05/12 00:49:37.712,8,2170,24564,16.65,37
2026-05-12T00:49:39+08:00,2026/05/12 00:49:39.894,4,2170,24564,16.90,36
2026-05-12T00:49:41+08:00,2026/05/12 00:49:41.977,3,2234,24564,17.98,36
2026-05-12T00:49:44+08:00,2026/05/12 00:49:44.064,3,2234,24564,16.42,36
2026-05-12T00:49:46+08:00,2026/05/12 00:49:46.150,3,2234,24564,16.68,36
2026-05-12T00:49:48+08:00,2026/05/12 00:49:48.243,3,2234,24564,16.98,36
2026-05-12T00:49:50+08:00,2026/05/12 00:49:50.419,3,2234,24564,17.55,36
2026-05-12T00:49:52+08:00,2026/05/12 00:49:52.504,4,2234,24564,17.16,36
2026-05-12T00:49:54+08:00,2026/05/12 00:49:54.596,2,3418,24564,11.96,36
2026-05-12T00:49:56+08:00,2026/05/12 00:49:56.680,5,7376,24564,56.62,37
2026-05-12T00:49:58+08:00,2026/05/12 00:49:58.762,0,8586,24564,55.75,37
2026-05-12T00:50:00+08:00,2026/05/12 00:50:00.933,35,8600,24564,142.19,41
2026-05-12T00:50:03+08:00,2026/05/12 00:50:03.026,55,8600,24564,145.08,42
2026-05-12T00:50:05+08:00,2026/05/12 00:50:05.120,46,8602,24564,144.79,41
2026-05-12T00:50:07+08:00,2026/05/12 00:50:07.214,62,8602,24564,148.45,43
2026-05-12T00:50:09+08:00,2026/05/12 00:50:09.401,73,17754,24564,127.17,43
2026-05-12T00:50:11+08:00,2026/05/12 00:50:11.488,55,17756,24564,133.16,45
2026-05-12T00:50:13+08:00,2026/05/12 00:50:13.576,52,18128,24564,137.34,44
2026-05-12T00:50:15+08:00,2026/05/12 00:50:15.664,23,18128,24564,124.12,45
2026-05-12T00:50:17+08:00,2026/05/12 00:50:17.769,48,18128,24564,116.48,44
2026-05-12T00:50:19+08:00,2026/05/12 00:50:19.957,45,18192,24564,92.13,45
2026-05-12T00:50:22+08:00,2026/05/12 00:50:22.054,6,18192,24564,105.75,45
2026-05-12T00:50:24+08:00,2026/05/12 00:50:24.142,5,18192,24564,105.85,44
2026-05-12T00:50:26+08:00,2026/05/12 00:50:26.234,5,18192,24564,104.79,45
2026-05-12T00:50:28+08:00,2026/05/12 00:50:28.321,5,18192,24564,77.42,45
2026-05-12T00:50:30+08:00,2026/05/12 00:50:30.504,29,18192,24564,65.00,44
2026-05-12T00:50:32+08:00,2026/05/12 00:50:32.594,5,18192,24564,78.64,45
2026-05-12T00:50:34+08:00,2026/05/12 00:50:34.692,5,18192,24564,80.25,45
2026-05-12T00:50:36+08:00,2026/05/12 00:50:36.790,52,18192,24564,64.87,44
2026-05-12T00:50:38+08:00,2026/05/12 00:50:38.879,7,18192,24564,67.77,45
2026-05-12T00:50:41+08:00,2026/05/12 00:50:41.055,5,18192,24564,78.62,45
2026-05-12T00:50:43+08:00,2026/05/12 00:50:43.140,87,18192,24564,104.15,47
2026-05-12T00:50:45+08:00,2026/05/12 00:50:45.222,5,18192,24564,78.56,46
2026-05-12T00:50:47+08:00,2026/05/12 00:50:47.308,62,18192,24564,68.78,46
2026-05-12T00:50:49+08:00,2026/05/12 00:50:49.491,6,18192,24564,59.58,45
2026-05-12T00:50:51+08:00,2026/05/12 00:50:51.586,5,18192,24564,69.18,46
2026-05-12T00:50:53+08:00,2026/05/12 00:50:53.671,53,19376,24564,69.68,46
2026-05-12T00:50:55+08:00,2026/05/12 00:50:55.760,7,19376,24564,64.49,46
2026-05-12T00:50:57+08:00,2026/05/12 00:50:57.852,6,19376,24564,80.24,46
2026-05-12T00:51:00+08:00,2026/05/12 00:51:00.034,5,19376,24564,91.93,47
2026-05-12T00:51:02+08:00,2026/05/12 00:51:02.125,5,19376,24564,82.17,47
2026-05-12T00:51:04+08:00,2026/05/12 00:51:04.216,5,19376,24564,87.12,47
2026-05-12T00:51:06+08:00,2026/05/12 00:51:06.314,5,19376,24564,105.33,47
2026-05-12T00:51:08+08:00,2026/05/12 00:51:08.404,4,19376,24564,79.48,47
2026-05-12T00:51:10+08:00,2026/05/12 00:51:10.591,61,19376,24564,101.85,49
2026-05-12T00:51:12+08:00,2026/05/12 00:51:12.695,5,19376,24564,99.89,48
2026-05-12T00:51:14+08:00,2026/05/12 00:51:14.784,44,19376,24564,116.06,48
2026-05-12T00:51:16+08:00,2026/05/12 00:51:16.876,6,19376,24564,107.60,50
2026-05-12T00:51:18+08:00,2026/05/12 00:51:18.965,43,19376,24564,117.48,51
2026-05-12T00:51:21+08:00,2026/05/12 00:51:21.139,87,19376,24564,196.72,57
2026-05-12T00:51:23+08:00,2026/05/12 00:51:23.224,32,19376,24564,130.59,50
2026-05-12T00:51:25+08:00,2026/05/12 00:51:25.306,45,19376,24564,133.96,51
2026-05-12T00:51:27+08:00,2026/05/12 00:51:27.394,56,19376,24564,121.86,51
2026-05-12T00:51:29+08:00,2026/05/12 00:51:29.573,12,19376,24564,107.60,51
2026-05-12T00:51:31+08:00,2026/05/12 00:51:31.653,48,19376,24564,108.96,53
2026-05-12T00:51:33+08:00,2026/05/12 00:51:33.738,37,19376,24564,95.97,51
2026-05-12T00:51:35+08:00,2026/05/12 00:51:35.820,6,19376,24564,109.29,52
2026-05-12T00:51:37+08:00,2026/05/12 00:51:37.900,5,19376,24564,94.43,51
2026-05-12T00:51:40+08:00,2026/05/12 00:51:40.088,5,19376,24564,82.46,51
2026-05-12T00:51:42+08:00,2026/05/12 00:51:42.171,53,19376,24564,95.97,52
2026-05-12T00:51:44+08:00,2026/05/12 00:51:44.252,57,19376,24564,107.37,53
2026-05-12T00:51:46+08:00,2026/05/12 00:51:46.343,41,19376,24564,109.02,53
2026-05-12T00:51:48+08:00,2026/05/12 00:51:48.429,43,19376,24564,109.87,54
2026-05-12T00:51:50+08:00,2026/05/12 00:51:50.642,87,19376,24564,168.98,59
2026-05-12T00:51:52+08:00,2026/05/12 00:51:52.723,6,19376,24564,82.73,53
2026-05-12T00:51:54+08:00,2026/05/12 00:51:54.801,5,19376,24564,82.34,53
2026-05-12T00:51:56+08:00,2026/05/12 00:51:56.879,6,19376,24564,83.61,53
2026-05-12T00:51:58+08:00,2026/05/12 00:51:58.966,5,19376,24564,85.84,53
2026-05-12T00:52:01+08:00,2026/05/12 00:52:01.141,5,19376,24564,83.06,53
2026-05-12T00:52:03+08:00,2026/05/12 00:52:03.225,5,19376,24564,82.67,53
2026-05-12T00:52:05+08:00,2026/05/12 00:52:05.308,5,19376,24564,82.63,53
2026-05-12T00:52:07+08:00,2026/05/12 00:52:07.388,5,19376,24564,83.81,53
2026-05-12T00:52:09+08:00,2026/05/12 00:52:09.562,4,19376,24564,81.62,53
2026-05-12T00:52:11+08:00,2026/05/12 00:52:11.647,5,19376,24564,82.98,53
2026-05-12T00:52:13+08:00,2026/05/12 00:52:13.729,49,19376,24564,95.06,54
2026-05-12T00:52:15+08:00,2026/05/12 00:52:15.818,46,19376,24564,109.27,57
2026-05-12T00:52:17+08:00,2026/05/12 00:52:17.902,5,19376,24564,107.55,54
2026-05-12T00:52:20+08:00,2026/05/12 00:52:20.079,61,19376,24564,108.86,55
2026-05-12T00:52:22+08:00,2026/05/12 00:52:22.165,5,19376,24564,109.25,54
2026-05-12T00:52:24+08:00,2026/05/12 00:52:24.249,12,19376,24564,109.45,55
2026-05-12T00:52:26+08:00,2026/05/12 00:52:26.333,6,19376,24564,110.01,57
2026-05-12T00:52:28+08:00,2026/05/12 00:52:28.423,5,19376,24564,110.12,55
2026-05-12T00:52:30+08:00,2026/05/12 00:52:30.595,58,19376,24564,241.77,57
2026-05-12T00:52:32+08:00,2026/05/12 00:52:32.677,29,19376,24564,117.14,56
2026-05-12T00:52:34+08:00,2026/05/12 00:52:34.761,13,19376,24564,121.70,57
2026-05-12T00:52:36+08:00,2026/05/12 00:52:36.847,17,19376,24564,121.44,56
2026-05-12T00:52:38+08:00,2026/05/12 00:52:38.932,59,19376,24564,116.26,56
2026-05-12T00:52:41+08:00,2026/05/12 00:52:41.109,27,19376,24564,112.08,56
2026-05-12T00:52:43+08:00,2026/05/12 00:52:43.195,57,19376,24564,110.43,57
2026-05-12T00:52:45+08:00,2026/05/12 00:52:45.278,59,19376,24564,111.07,56
2026-05-12T00:52:47+08:00,2026/05/12 00:52:47.359,5,19376,24564,112.03,56
2026-05-12T00:52:49+08:00,2026/05/12 00:52:49.535,30,19376,24564,111.86,56
2026-05-12T00:52:51+08:00,2026/05/12 00:52:51.616,6,19376,24564,108.37,56
2026-05-12T00:52:53+08:00,2026/05/12 00:52:53.693,60,19376,24564,107.17,55
2026-05-12T00:52:55+08:00,2026/05/12 00:52:55.767,6,19376,24564,111.03,57
2026-05-12T00:52:57+08:00,2026/05/12 00:52:57.848,59,19376,24564,242.83,62
2026-05-12T00:53:00+08:00,2026/05/12 00:53:00.021,5,19376,24564,112.00,56
2026-05-12T00:53:02+08:00,2026/05/12 00:53:02.100,5,19376,24564,91.92,55
2026-05-12T00:53:04+08:00,2026/05/12 00:53:04.181,5,19376,24564,88.15,55
2026-05-12T00:53:06+08:00,2026/05/12 00:53:06.264,59,19376,24564,111.62,58
2026-05-12T00:53:08+08:00,2026/05/12 00:53:08.344,19,19376,24564,109.56,58
2026-05-12T00:53:10+08:00,2026/05/12 00:53:10.517,5,19376,24564,111.17,56
2026-05-12T00:53:12+08:00,2026/05/12 00:53:12.607,5,19376,24564,100.34,55
2026-05-12T00:53:14+08:00,2026/05/12 00:53:14.686,6,19376,24564,85.82,55
2026-05-12T00:53:16+08:00,2026/05/12 00:53:16.772,58,19376,24564,111.28,55
2026-05-12T00:53:18+08:00,2026/05/12 00:53:18.853,6,19376,24564,110.96,55
2026-05-12T00:53:21+08:00,2026/05/12 00:53:21.023,5,19376,24564,109.43,55
2026-05-12T00:53:23+08:00,2026/05/12 00:53:23.106,42,19376,24564,94.61,57
2026-05-12T00:53:25+08:00,2026/05/12 00:53:25.185,5,19376,24564,110.65,55
2026-05-12T00:53:27+08:00,2026/05/12 00:53:27.265,10,19376,24564,89.61,55
2026-05-12T00:53:29+08:00,2026/05/12 00:53:29.448,5,19376,24564,110.96,56
2026-05-12T00:53:31+08:00,2026/05/12 00:53:31.530,59,19376,24564,105.53,55
2026-05-12T00:53:33+08:00,2026/05/12 00:53:33.614,5,19376,24564,106.76,55
2026-05-12T00:53:35+08:00,2026/05/12 00:53:35.694,49,19376,24564,227.52,62
2026-05-12T00:53:37+08:00,2026/05/12 00:53:37.774,6,19376,24564,109.98,57
2026-05-12T00:53:39+08:00,2026/05/12 00:53:39.950,5,19376,24564,112.46,56
2026-05-12T00:53:42+08:00,2026/05/12 00:53:42.031,5,19376,24564,111.25,56
2026-05-12T00:53:44+08:00,2026/05/12 00:53:44.115,5,19376,24564,111.01,55
2026-05-12T00:53:46+08:00,2026/05/12 00:53:46.200,5,19376,24564,111.92,55
2026-05-12T00:53:48+08:00,2026/05/12 00:53:48.283,13,19376,24564,112.70,55
2026-05-12T00:53:50+08:00,2026/05/12 00:53:50.453,37,19376,24564,112.97,55
2026-05-12T00:53:52+08:00,2026/05/12 00:53:52.541,5,19376,24564,111.07,55
2026-05-12T00:53:54+08:00,2026/05/12 00:53:54.626,5,19376,24564,110.63,57
2026-05-12T00:53:56+08:00,2026/05/12 00:53:56.717,55,19376,24564,111.00,55
2026-05-12T00:53:58+08:00,2026/05/12 00:53:58.812,5,19376,24564,102.65,55
2026-05-12T00:54:01+08:00,2026/05/12 00:54:01.009,5,19376,24564,110.53,56
2026-05-12T00:54:03+08:00,2026/05/12 00:54:03.103,11,19376,24564,85.28,55
2026-05-12T00:54:05+08:00,2026/05/12 00:54:05.194,5,19376,24564,89.71,56
2026-05-12T00:54:07+08:00,2026/05/12 00:54:07.283,5,19376,24564,111.47,56
2026-05-12T00:54:09+08:00,2026/05/12 00:54:09.458,39,19376,24564,92.85,55
2026-05-12T00:54:11+08:00,2026/05/12 00:54:11.543,6,19376,24564,111.18,56
2026-05-12T00:54:13+08:00,2026/05/12 00:54:13.621,5,19376,24564,89.20,55
2026-05-12T00:54:15+08:00,2026/05/12 00:54:15.701,6,19376,24564,111.44,58
2026-05-12T00:54:17+08:00,2026/05/12 00:54:17.781,6,19376,24564,89.84,55
2026-05-12T00:54:19+08:00,2026/05/12 00:54:19.954,21,19376,24564,111.49,55
2026-05-12T00:54:22+08:00,2026/05/12 00:54:22.095,4,19376,24564,97.09,55
2026-05-12T00:54:24+08:00,2026/05/12 00:54:24.183,12,19376,24564,93.03,56
2026-05-12T00:54:26+08:00,2026/05/12 00:54:26.261,5,19376,24564,110.87,55
2026-05-12T00:54:28+08:00,2026/05/12 00:54:28.340,5,19376,24564,95.85,55
2026-05-12T00:54:30+08:00,2026/05/12 00:54:30.514,42,19376,24564,110.65,57
2026-05-12T00:54:32+08:00,2026/05/12 00:54:32.595,5,19376,24564,111.47,55
2026-05-12T00:54:34+08:00,2026/05/12 00:54:34.680,61,19376,24564,103.52,55
2026-05-12T00:54:36+08:00,2026/05/12 00:54:36.759,5,19376,24564,110.68,57
2026-05-12T00:54:38+08:00,2026/05/12 00:54:38.841,15,19376,24564,90.38,55
2026-05-12T00:54:41+08:00,2026/05/12 00:54:41.138,54,19376,24564,105.53,55
2026-05-12T00:54:43+08:00,2026/05/12 00:54:43.218,5,19376,24564,111.50,55
2026-05-12T00:54:45+08:00,2026/05/12 00:54:45.297,5,19376,24564,111.45,56
2026-05-12T00:54:47+08:00,2026/05/12 00:54:47.379,26,19376,24564,98.59,55
2026-05-12T00:54:49+08:00,2026/05/12 00:54:49.552,5,19376,24564,110.96,56
2026-05-12T00:54:51+08:00,2026/05/12 00:54:51.636,6,19376,24564,111.63,58
2026-05-12T00:54:53+08:00,2026/05/12 00:54:53.714,60,19376,24564,103.19,55
2026-05-12T00:54:55+08:00,2026/05/12 00:54:55.790,6,19376,24564,106.91,56
2026-05-12T00:54:57+08:00,2026/05/12 00:54:57.871,6,19376,24564,110.70,57
2026-05-12T00:55:00+08:00,2026/05/12 00:55:00.044,5,19376,24564,111.67,58
2026-05-12T00:55:02+08:00,2026/05/12 00:55:02.123,51,19376,24564,111.44,56
2026-05-12T00:55:04+08:00,2026/05/12 00:55:04.203,9,19376,24564,103.63,55
2026-05-12T00:55:06+08:00,2026/05/12 00:55:06.287,5,19376,24564,111.77,55
2026-05-12T00:55:08+08:00,2026/05/12 00:55:08.370,5,19376,24564,111.98,56
2026-05-12T00:55:10+08:00,2026/05/12 00:55:10.546,5,19376,24564,119.07,56
2026-05-12T00:55:12+08:00,2026/05/12 00:55:12.626,5,19376,24564,111.82,57
2026-05-12T00:55:14+08:00,2026/05/12 00:55:14.711,53,19376,24564,105.96,56
2026-05-12T00:55:16+08:00,2026/05/12 00:55:16.794,6,19376,24564,111.78,56
2026-05-12T00:55:18+08:00,2026/05/12 00:55:18.873,21,19376,24564,111.71,56
2026-05-12T00:55:21+08:00,2026/05/12 00:55:21.172,59,19376,24564,104.10,56
2026-05-12T00:55:23+08:00,2026/05/12 00:55:23.311,5,19376,24564,112.46,56
2026-05-12T00:55:25+08:00,2026/05/12 00:55:25.392,59,19376,24564,111.98,57
2026-05-12T00:55:27+08:00,2026/05/12 00:55:27.472,5,19376,24564,108.28,56
2026-05-12T00:55:29+08:00,2026/05/12 00:55:29.645,6,19376,24564,111.75,58
2026-05-12T00:55:31+08:00,2026/05/12 00:55:31.725,51,19376,24564,105.56,55
2026-05-12T00:55:33+08:00,2026/05/12 00:55:33.804,6,19376,24564,112.09,56
2026-05-12T00:55:35+08:00,2026/05/12 00:55:35.885,42,19376,24564,95.09,55
2026-05-12T00:55:37+08:00,2026/05/12 00:55:37.964,6,19376,24564,112.36,56
2026-05-12T00:55:40+08:00,2026/05/12 00:55:40.176,10,19376,24564,92.87,55
2026-05-12T00:55:42+08:00,2026/05/12 00:55:42.263,80,19376,24564,218.20,61
2026-05-12T00:55:44+08:00,2026/05/12 00:55:44.340,6,19376,24564,112.15,56
2026-05-12T00:55:46+08:00,2026/05/12 00:55:46.420,8,19376,24564,88.90,56
2026-05-12T00:55:48+08:00,2026/05/12 00:55:48.499,13,19376,24564,111.50,57
2026-05-12T00:55:50+08:00,2026/05/12 00:55:50.679,17,19376,24564,95.13,56
2026-05-12T00:55:52+08:00,2026/05/12 00:55:52.760,3,19370,24564,103.59,57
2026-05-12T00:55:55+08:00,2026/05/12 00:55:55.316,0,291,24564,38.08,53
2026-05-12T00:55:58+08:00,2026/05/12 00:55:58.366,0,291,24564,11.56,52
2026-05-12T00:56:00+08:00,2026/05/12 00:56:00.629,0,291,24564,8.25,51
2026-05-12T00:56:02+08:00,2026/05/12 00:56:02.752,1,291,24564,7.70,51
2026-05-12T00:56:04+08:00,2026/05/12 00:56:04.876,3,291,24564,7.51,51
2026-05-12T00:56:07+08:00,2026/05/12 00:56:07.004,0,291,24564,7.41,50
2026-05-12T00:56:09+08:00,2026/05/12 00:56:09.137,0,291,24564,7.49,50
2026-05-12T00:56:11+08:00,2026/05/12 00:56:11.268,0,291,24564,7.27,49
2026-05-12T00:56:13+08:00,2026/05/12 00:56:13.395,0,291,24564,7.26,49
2026-05-12T00:56:15+08:00,2026/05/12 00:56:15.520,0,291,24564,8.08,48
2026-05-12T00:56:17+08:00,2026/05/12 00:56:17.646,0,291,24564,7.25,48
2026-05-12T00:56:19+08:00,2026/05/12 00:56:19.905,3,291,24564,7.20,48
2026-05-12T00:56:22+08:00,2026/05/12 00:56:22.040,1,291,24564,7.47,47
2026-05-12T00:56:24+08:00,2026/05/12 00:56:24.177,0,291,24564,7.06,47
2026-05-12T00:56:26+08:00,2026/05/12 00:56:26.302,0,291,24564,7.01,47
2026-05-12T00:56:28+08:00,2026/05/12 00:56:28.430,0,291,24564,7.17,47
2026-05-12T00:56:30+08:00,2026/05/12 00:56:30.687,0,291,24564,7.25,46
2026-05-12T00:56:32+08:00,2026/05/12 00:56:32.809,3,291,24564,6.75,46
2026-05-12T00:56:34+08:00,2026/05/12 00:56:34.933,4,291,24564,6.69,46
2026-05-12T00:56:37+08:00,2026/05/12 00:56:37.056,0,291,24564,6.68,46
2026-05-12T00:56:39+08:00,2026/05/12 00:56:39.185,0,291,24564,6.59,46
2026-05-12T00:56:41+08:00,2026/05/12 00:56:41.310,0,291,24564,6.49,45
2026-05-12T00:56:43+08:00,2026/05/12 00:56:43.431,0,291,24564,6.47,45
2026-05-12T00:56:45+08:00,2026/05/12 00:56:45.553,0,291,24564,6.64,45
2026-05-12T00:56:47+08:00,2026/05/12 00:56:47.679,0,291,24564,6.41,45
2026-05-12T00:56:49+08:00,2026/05/12 00:56:49.930,3,291,24564,6.42,45
2026-05-12T00:56:52+08:00,2026/05/12 00:56:52.053,0,291,24564,6.84,45
2026-05-12T00:56:54+08:00,2026/05/12 00:56:54.178,0,291,24564,6.48,44
2026-05-12T00:56:56+08:00,2026/05/12 00:56:56.301,0,291,24564,6.51,44
2026-05-12T00:56:58+08:00,2026/05/12 00:56:58.422,0,291,24564,6.80,44
2026-05-12T00:57:00+08:00,2026/05/12 00:57:00.672,0,291,24564,6.71,44
2026-05-12T00:57:02+08:00,2026/05/12 00:57:02.797,4,291,24564,6.57,44
2026-05-12T00:57:04+08:00,2026/05/12 00:57:04.919,3,291,24564,6.46,44
2026-05-12T00:57:07+08:00,2026/05/12 00:57:07.039,0,291,24564,7.61,44
2026-05-12T00:57:09+08:00,2026/05/12 00:57:09.162,0,291,24564,6.42,43
2026-05-12T00:57:11+08:00,2026/05/12 00:57:11.284,0,291,24564,6.50,43
2026-05-12T00:57:13+08:00,2026/05/12 00:57:13.407,0,291,24564,6.35,43
2026-05-12T00:57:15+08:00,2026/05/12 00:57:15.532,0,291,24564,6.57,43
2026-05-12T00:57:17+08:00,2026/05/12 00:57:17.656,0,291,24564,6.94,43
2026-05-12T00:57:19+08:00,2026/05/12 00:57:19.913,4,291,24564,6.48,43
2026-05-12T00:57:22+08:00,2026/05/12 00:57:22.034,0,291,24564,6.50,42
2026-05-12T00:57:24+08:00,2026/05/12 00:57:24.156,0,291,24564,6.50,42
2026-05-12T00:57:26+08:00,2026/05/12 00:57:26.279,0,291,24564,6.42,42
2026-05-12T00:57:28+08:00,2026/05/12 00:57:28.404,0,291,24564,6.36,42
2026-05-12T00:57:30+08:00,2026/05/12 00:57:30.659,0,291,24564,6.40,42
2026-05-12T00:57:32+08:00,2026/05/12 00:57:32.781,4,291,24564,6.54,42
2026-05-12T00:57:34+08:00,2026/05/12 00:57:34.903,4,291,24564,6.45,42
2026-05-12T00:57:37+08:00,2026/05/12 00:57:37.029,0,291,24564,6.46,42
2026-05-12T00:57:39+08:00,2026/05/12 00:57:39.166,0,291,24564,6.49,41
2026-05-12T00:57:41+08:00,2026/05/12 00:57:41.261,0,291,24564,6.57,41
2026-05-12T00:57:43+08:00,2026/05/12 00:57:43.354,7,1834,24564,47.39,43
2026-05-12T00:57:45+08:00,2026/05/12 00:57:45.447,0,1834,24564,58.22,43
2026-05-12T00:57:47+08:00,2026/05/12 00:57:47.535,0,2122,24564,58.16,43
2026-05-12T00:57:49+08:00,2026/05/12 00:57:49.711,2,2162,24564,47.67,42
2026-05-12T00:57:51+08:00,2026/05/12 00:57:51.800,8,2162,24564,19.31,42
2026-05-12T00:57:53+08:00,2026/05/12 00:57:53.894,9,2162,24564,18.53,42
2026-05-12T00:57:56+08:00,2026/05/12 00:57:55.981,3,2162,24564,18.51,42
2026-05-12T00:57:58+08:00,2026/05/12 00:57:58.068,4,2162,24564,18.25,42
2026-05-12T00:58:00+08:00,2026/05/12 00:58:00.250,3,2162,24564,18.65,42
2026-05-12T00:58:02+08:00,2026/05/12 00:58:02.338,3,2162,24564,18.73,42
2026-05-12T00:58:04+08:00,2026/05/12 00:58:04.422,3,2162,24564,18.44,41
2026-05-12T00:58:06+08:00,2026/05/12 00:58:06.508,4,2162,24564,18.78,41
2026-05-12T00:58:08+08:00,2026/05/12 00:58:08.595,3,2162,24564,18.09,41
2026-05-12T00:58:10+08:00,2026/05/12 00:58:10.781,9,2162,24564,18.76,41
2026-05-12T00:58:12+08:00,2026/05/12 00:58:12.875,9,2226,24564,18.76,41
2026-05-12T00:58:14+08:00,2026/05/12 00:58:14.959,9,2226,24564,19.04,41
2026-05-12T00:58:17+08:00,2026/05/12 00:58:17.048,3,2226,24564,18.88,41
2026-05-12T00:58:19+08:00,2026/05/12 00:58:19.137,4,2226,24564,18.13,41
2026-05-12T00:58:21+08:00,2026/05/12 00:58:21.223,6,3652,24564,12.74,41
2026-05-12T00:58:23+08:00,2026/05/12 00:58:23.308,0,6730,24564,58.80,42
2026-05-12T00:58:25+08:00,2026/05/12 00:58:25.405,0,7736,24564,64.74,42
2026-05-12T00:58:27+08:00,2026/05/12 00:58:27.493,29,7774,24564,138.40,46
2026-05-12T00:58:29+08:00,2026/05/12 00:58:29.677,54,7774,24564,143.76,46
2026-05-12T00:58:31+08:00,2026/05/12 00:58:31.768,37,7776,24564,141.85,47
2026-05-12T00:58:33+08:00,2026/05/12 00:58:33.863,50,7840,24564,143.00,48
2026-05-12T00:58:35+08:00,2026/05/12 00:58:35.952,57,15828,24564,207.73,49
2026-05-12T00:58:38+08:00,2026/05/12 00:58:38.057,40,15830,24564,139.19,48
2026-05-12T00:58:40+08:00,2026/05/12 00:58:40.244,28,15872,24564,127.15,49
2026-05-12T00:58:42+08:00,2026/05/12 00:58:42.343,57,15872,24564,109.86,50
2026-05-12T00:58:44+08:00,2026/05/12 00:58:44.434,43,17236,24564,103.78,49
2026-05-12T00:58:46+08:00,2026/05/12 00:58:46.526,5,17236,24564,102.75,48
2026-05-12T00:58:48+08:00,2026/05/12 00:58:48.621,5,17236,24564,80.56,48
2026-05-12T00:58:50+08:00,2026/05/12 00:58:50.807,26,17236,24564,84.76,48
2026-05-12T00:58:52+08:00,2026/05/12 00:58:52.902,6,17236,24564,76.58,48
2026-05-12T00:58:55+08:00,2026/05/12 00:58:54.991,5,17236,24564,81.22,49
2026-05-12T00:58:57+08:00,2026/05/12 00:58:57.080,5,17236,24564,76.28,48
2026-05-12T00:58:59+08:00,2026/05/12 00:58:59.256,5,17236,24564,71.66,48
2026-05-12T00:59:01+08:00,2026/05/12 00:59:01.353,67,17236,24564,55.43,47
2026-05-12T00:59:03+08:00,2026/05/12 00:59:03.446,5,17236,24564,67.98,48
2026-05-12T00:59:05+08:00,2026/05/12 00:59:05.533,12,17236,24564,177.29,52
2026-05-12T00:59:07+08:00,2026/05/12 00:59:07.618,6,17236,24564,60.80,48
2026-05-12T00:59:09+08:00,2026/05/12 00:59:09.800,6,17236,24564,71.18,49
2026-05-12T00:59:11+08:00,2026/05/12 00:59:11.891,6,17236,24564,76.37,49
2026-05-12T00:59:14+08:00,2026/05/12 00:59:13.981,5,17236,24564,77.99,51
2026-05-12T00:59:16+08:00,2026/05/12 00:59:16.068,70,17236,24564,66.71,48
2026-05-12T00:59:18+08:00,2026/05/12 00:59:18.162,15,17236,24564,65.78,48
2026-05-12T00:59:20+08:00,2026/05/12 00:59:20.342,9,17236,24564,71.44,49
2026-05-12T00:59:22+08:00,2026/05/12 00:59:22.443,13,17236,24564,90.51,50
2026-05-12T00:59:24+08:00,2026/05/12 00:59:24.531,55,17236,24564,102.15,51
2026-05-12T00:59:26+08:00,2026/05/12 00:59:26.622,5,17236,24564,103.77,50
2026-05-12T00:59:28+08:00,2026/05/12 00:59:28.712,6,17236,24564,104.49,51
2026-05-12T00:59:30+08:00,2026/05/12 00:59:30.891,6,17236,24564,104.32,51
2026-05-12T00:59:33+08:00,2026/05/12 00:59:32.982,5,17236,24564,119.65,53
2026-05-12T00:59:35+08:00,2026/05/12 00:59:35.072,34,17236,24564,122.45,54
2026-05-12T00:59:37+08:00,2026/05/12 00:59:37.154,18,17236,24564,126.99,52
2026-05-12T00:59:39+08:00,2026/05/12 00:59:39.345,28,17236,24564,131.07,54
2026-05-12T00:59:41+08:00,2026/05/12 00:59:41.431,50,17236,24564,127.31,54
2026-05-12T00:59:43+08:00,2026/05/12 00:59:43.515,50,17236,24564,122.67,55
2026-05-12T00:59:45+08:00,2026/05/12 00:59:45.602,27,17236,24564,112.74,54
2026-05-12T00:59:47+08:00,2026/05/12 00:59:47.682,9,17236,24564,105.12,55
2026-05-12T00:59:49+08:00,2026/05/12 00:59:49.861,6,17236,24564,105.43,54
2026-05-12T00:59:51+08:00,2026/05/12 00:59:51.948,6,17236,24564,106.80,56
2026-05-12T00:59:54+08:00,2026/05/12 00:59:54.029,6,17236,24564,101.31,54
2026-05-12T00:59:56+08:00,2026/05/12 00:59:56.114,5,17236,24564,85.09,54
2026-05-12T00:59:58+08:00,2026/05/12 00:59:58.200,58,17236,24564,104.08,57
2026-05-12T01:00:00+08:00,2026/05/12 01:00:00.381,5,17236,24564,106.50,55
2026-05-12T01:00:02+08:00,2026/05/12 01:00:02.470,5,17236,24564,106.76,55
2026-05-12T01:00:04+08:00,2026/05/12 01:00:04.554,6,17236,24564,209.47,58
2026-05-12T01:00:06+08:00,2026/05/12 01:00:06.634,6,17236,24564,106.37,57
2026-05-12T01:00:08+08:00,2026/05/12 01:00:08.717,5,17236,24564,107.89,55
2026-05-12T01:00:10+08:00,2026/05/12 01:00:10.894,6,17236,24564,97.79,56
2026-05-12T01:00:12+08:00,2026/05/12 01:00:12.975,5,17236,24564,100.97,55
2026-05-12T01:00:15+08:00,2026/05/12 01:00:15.054,6,17236,24564,88.70,54
2026-05-12T01:00:17+08:00,2026/05/12 01:00:17.136,5,17236,24564,85.14,54
2026-05-12T01:00:19+08:00,2026/05/12 01:00:19.310,39,17236,24564,101.51,55
2026-05-12T01:00:21+08:00,2026/05/12 01:00:21.448,5,17236,24564,106.10,53
2026-05-12T01:00:23+08:00,2026/05/12 01:00:23.529,5,17236,24564,94.44,53
2026-05-12T01:00:25+08:00,2026/05/12 01:00:25.613,51,17236,24564,106.25,54
2026-05-12T01:00:27+08:00,2026/05/12 01:00:27.697,5,17236,24564,104.75,53
2026-05-12T01:00:29+08:00,2026/05/12 01:00:29.871,4,17236,24564,106.25,54
2026-05-12T01:00:31+08:00,2026/05/12 01:00:31.960,6,17236,24564,106.42,52
2026-05-12T01:00:34+08:00,2026/05/12 01:00:34.052,6,17236,24564,108.01,53
2026-05-12T01:00:36+08:00,2026/05/12 01:00:36.134,6,17236,24564,114.54,53
2026-05-12T01:00:38+08:00,2026/05/12 01:00:38.219,56,17236,24564,220.76,55
2026-05-12T01:00:40+08:00,2026/05/12 01:00:40.393,58,17236,24564,127.82,54
2026-05-12T01:00:42+08:00,2026/05/12 01:00:42.472,39,17236,24564,122.25,53
2026-05-12T01:00:44+08:00,2026/05/12 01:00:44.556,5,17236,24564,106.58,53
2026-05-12T01:00:46+08:00,2026/05/12 01:00:46.642,58,17236,24564,120.73,52
2026-05-12T01:00:48+08:00,2026/05/12 01:00:48.726,6,17236,24564,106.83,53
2026-05-12T01:00:50+08:00,2026/05/12 01:00:50.899,5,17236,24564,106.08,53
2026-05-12T01:00:52+08:00,2026/05/12 01:00:52.977,24,17236,24564,105.55,52
2026-05-12T01:00:55+08:00,2026/05/12 01:00:55.056,6,17236,24564,98.56,53
2026-05-12T01:00:57+08:00,2026/05/12 01:00:57.136,5,17236,24564,105.82,52
2026-05-12T01:00:59+08:00,2026/05/12 01:00:59.307,33,17236,24564,90.02,52
2026-05-12T01:01:01+08:00,2026/05/12 01:01:01.386,6,17236,24564,105.92,52
2026-05-12T01:01:03+08:00,2026/05/12 01:01:03.466,0,17236,24564,170.65,52
2026-05-12T01:01:05+08:00,2026/05/12 01:01:05.587,0,291,24564,41.27,50
2026-05-12T01:01:07+08:00,2026/05/12 01:01:07.718,0,291,24564,34.33,49
2026-05-12T01:01:10+08:00,2026/05/12 01:01:10.418,0,291,24564,20.52,48
2026-05-12T01:01:12+08:00,2026/05/12 01:01:12.505,0,1834,24564,61.59,49
2026-05-12T01:01:14+08:00,2026/05/12 01:01:14.592,1,1834,24564,60.83,49
2026-05-12T01:01:16+08:00,2026/05/12 01:01:16.671,0,2122,24564,61.03,49
2026-05-12T01:01:18+08:00,2026/05/12 01:01:18.760,3,2162,24564,27.07,48
2026-05-12T01:01:20+08:00,2026/05/12 01:01:20.948,9,2162,24564,20.02,47
2026-05-12T01:01:23+08:00,2026/05/12 01:01:23.037,7,2162,24564,19.82,47
2026-05-12T01:01:25+08:00,2026/05/12 01:01:25.125,3,2162,24564,19.80,47
2026-05-12T01:01:27+08:00,2026/05/12 01:01:27.212,3,2162,24564,19.97,47
2026-05-12T01:01:29+08:00,2026/05/12 01:01:29.392,3,2162,24564,19.75,46
2026-05-12T01:01:31+08:00,2026/05/12 01:01:31.481,3,2162,24564,19.54,46
2026-05-12T01:01:33+08:00,2026/05/12 01:01:33.573,3,2162,24564,19.23,46
2026-05-12T01:01:35+08:00,2026/05/12 01:01:35.661,2,2162,24564,19.45,46
2026-05-12T01:01:37+08:00,2026/05/12 01:01:37.748,3,2162,24564,19.37,46
2026-05-12T01:01:39+08:00,2026/05/12 01:01:39.929,9,2162,24564,19.57,46
2026-05-12T01:01:42+08:00,2026/05/12 01:01:42.014,9,2226,24564,19.69,45
2026-05-12T01:01:44+08:00,2026/05/12 01:01:44.100,3,2226,24564,19.00,45
2026-05-12T01:01:46+08:00,2026/05/12 01:01:46.186,4,2226,24564,19.48,45
2026-05-12T01:01:48+08:00,2026/05/12 01:01:48.272,3,2226,24564,19.24,45
2026-05-12T01:01:50+08:00,2026/05/12 01:01:50.446,3,2226,24564,19.10,45
2026-05-12T01:01:52+08:00,2026/05/12 01:01:52.531,7,4294,24564,8.99,45
2026-05-12T01:01:54+08:00,2026/05/12 01:01:54.617,0,6910,24564,58.52,46
2026-05-12T01:01:56+08:00,2026/05/12 01:01:56.712,13,8020,24564,70.04,46
2026-05-12T01:01:58+08:00,2026/05/12 01:01:58.802,6,8026,24564,136.14,50
2026-05-12T01:02:01+08:00,2026/05/12 01:02:00.985,41,8028,24564,147.52,50
2026-05-12T01:02:03+08:00,2026/05/12 01:02:03.074,39,8028,24564,139.21,51
2026-05-12T01:02:05+08:00,2026/05/12 01:02:05.165,59,8092,24564,146.39,52
2026-05-12T01:02:07+08:00,2026/05/12 01:02:07.258,69,16676,24564,215.70,53
2026-05-12T01:02:09+08:00,2026/05/12 01:02:09.448,27,16678,24564,140.74,51
2026-05-12T01:02:11+08:00,2026/05/12 01:02:11.537,45,17048,24564,133.27,52
2026-05-12T01:02:13+08:00,2026/05/12 01:02:13.631,43,17050,24564,126.44,53
2026-05-12T01:02:15+08:00,2026/05/12 01:02:15.723,5,17050,24564,106.62,53
2026-05-12T01:02:17+08:00,2026/05/12 01:02:17.811,16,17050,24564,91.18,52
2026-05-12T01:02:20+08:00,2026/05/12 01:02:19.994,12,17050,24564,106.27,52
2026-05-12T01:02:22+08:00,2026/05/12 01:02:22.085,5,17050,24564,98.44,52
2026-05-12T01:02:24+08:00,2026/05/12 01:02:24.175,77,18166,24564,78.99,51
2026-05-12T01:02:26+08:00,2026/05/12 01:02:26.265,5,18166,24564,80.42,52
2026-05-12T01:02:28+08:00,2026/05/12 01:02:28.396,5,18166,24564,81.97,52
2026-05-12T01:02:30+08:00,2026/05/12 01:02:30.578,5,18166,24564,83.43,52
2026-05-12T01:02:32+08:00,2026/05/12 01:02:32.683,5,18166,24564,91.17,53
2026-05-12T01:02:34+08:00,2026/05/12 01:02:34.774,29,18166,24564,52.43,51
2026-05-12T01:02:36+08:00,2026/05/12 01:02:36.867,5,18166,24564,82.40,52
2026-05-12T01:02:38+08:00,2026/05/12 01:02:38.954,61,18166,24564,199.47,59
2026-05-12T01:02:41+08:00,2026/05/12 01:02:41.135,6,18166,24564,68.42,53
2026-05-12T01:02:43+08:00,2026/05/12 01:02:43.225,5,18166,24564,77.65,52
2026-05-12T01:02:45+08:00,2026/05/12 01:02:45.330,29,18166,24564,65.45,53
2026-05-12T01:02:47+08:00,2026/05/12 01:02:47.418,6,18166,24564,57.17,51
2026-05-12T01:02:49+08:00,2026/05/12 01:02:49.603,5,18166,24564,83.63,53
2026-05-12T01:02:51+08:00,2026/05/12 01:02:51.696,5,18166,24564,88.70,53
2026-05-12T01:02:53+08:00,2026/05/12 01:02:53.785,6,18166,24564,86.66,53
2026-05-12T01:02:55+08:00,2026/05/12 01:02:55.878,13,18166,24564,87.90,53
2026-05-12T01:02:57+08:00,2026/05/12 01:02:57.970,74,18166,24564,87.41,53
2026-05-12T01:03:00+08:00,2026/05/12 01:03:00.149,5,18166,24564,107.48,54
2026-05-12T01:03:02+08:00,2026/05/12 01:03:02.292,14,18166,24564,88.61,54
2026-05-12T01:03:04+08:00,2026/05/12 01:03:04.392,6,18166,24564,107.63,54
2026-05-12T01:03:06+08:00,2026/05/12 01:03:06.481,5,18166,24564,107.57,54
2026-05-12T01:03:08+08:00,2026/05/12 01:03:08.570,47,18166,24564,120.89,56
2026-05-12T01:03:10+08:00,2026/05/12 01:03:10.753,6,18166,24564,124.93,57
2026-05-12T01:03:12+08:00,2026/05/12 01:03:12.842,58,18166,24564,131.86,55
2026-05-12T01:03:14+08:00,2026/05/12 01:03:14.923,45,18166,24564,135.61,59
2026-05-12T01:03:17+08:00,2026/05/12 01:03:17.003,40,18166,24564,134.54,56
2026-05-12T01:03:19+08:00,2026/05/12 01:03:19.180,6,18166,24564,113.68,56
2026-05-12T01:03:21+08:00,2026/05/12 01:03:21.312,60,18166,24564,129.33,57
2026-05-12T01:03:23+08:00,2026/05/12 01:03:23.395,56,18166,24564,110.35,57
2026-05-12T01:03:25+08:00,2026/05/12 01:03:25.478,60,18166,24564,108.66,57
2026-05-12T01:03:27+08:00,2026/05/12 01:03:27.560,5,18166,24564,107.81,56
2026-05-12T01:03:29+08:00,2026/05/12 01:03:29.738,57,18166,24564,108.29,57
2026-05-12T01:03:31+08:00,2026/05/12 01:03:31.826,5,18166,24564,110.10,57
2026-05-12T01:03:33+08:00,2026/05/12 01:03:33.910,7,18166,24564,94.79,56
2026-05-12T01:03:36+08:00,2026/05/12 01:03:35.996,6,18166,24564,85.36,56
2026-05-12T01:03:38+08:00,2026/05/12 01:03:38.081,38,18166,24564,93.73,55
2026-05-12T01:03:40+08:00,2026/05/12 01:03:40.253,91,18166,24564,97.40,55
2026-05-12T01:03:42+08:00,2026/05/12 01:03:42.340,5,18166,24564,85.86,56
2026-05-12T01:03:44+08:00,2026/05/12 01:03:44.422,5,18166,24564,84.50,55
2026-05-12T01:03:46+08:00,2026/05/12 01:03:46.502,5,18166,24564,85.33,55
2026-05-12T01:03:48+08:00,2026/05/12 01:03:48.584,5,18166,24564,87.12,55
2026-05-12T01:03:50+08:00,2026/05/12 01:03:50.762,5,18166,24564,84.94,55
2026-05-12T01:03:52+08:00,2026/05/12 01:03:52.844,6,18166,24564,85.03,55
2026-05-12T01:03:54+08:00,2026/05/12 01:03:54.929,6,18166,24564,85.67,55
2026-05-12T01:03:57+08:00,2026/05/12 01:03:57.018,6,18166,24564,85.64,55
2026-05-12T01:03:59+08:00,2026/05/12 01:03:59.107,35,18166,24564,92.59,55
2026-05-12T01:04:01+08:00,2026/05/12 01:04:01.265,5,18166,24564,108.56,58
2026-05-12T01:04:03+08:00,2026/05/12 01:04:03.400,5,18166,24564,108.72,55
2026-05-12T01:04:05+08:00,2026/05/12 01:04:05.489,26,18166,24564,90.53,55
2026-05-12T01:04:07+08:00,2026/05/12 01:04:07.582,5,18166,24564,108.48,55
2026-05-12T01:04:09+08:00,2026/05/12 01:04:09.760,55,18166,24564,108.71,56
2026-05-12T01:04:11+08:00,2026/05/12 01:04:11.854,43,18166,24564,110.71,55
2026-05-12T01:04:13+08:00,2026/05/12 01:04:13.940,46,18166,24564,108.47,55
2026-05-12T01:04:16+08:00,2026/05/12 01:04:16.033,6,18166,24564,112.50,57
2026-05-12T01:04:18+08:00,2026/05/12 01:04:18.114,6,18166,24564,221.58,63
2026-05-12T01:04:20+08:00,2026/05/12 01:04:20.288,37,18166,24564,129.65,57
2026-05-12T01:04:22+08:00,2026/05/12 01:04:22.368,32,18166,24564,122.93,56
2026-05-12T01:04:24+08:00,2026/05/12 01:04:24.447,5,18166,24564,110.14,56
2026-05-12T01:04:26+08:00,2026/05/12 01:04:26.531,29,18166,24564,123.33,56
2026-05-12T01:04:28+08:00,2026/05/12 01:04:28.613,42,18166,24564,119.67,58
2026-05-12T01:04:30+08:00,2026/05/12 01:04:30.801,59,18166,24564,110.99,56
2026-05-12T01:04:32+08:00,2026/05/12 01:04:32.878,57,18166,24564,100.76,56
2026-05-12T01:04:34+08:00,2026/05/12 01:04:34.958,6,18166,24564,108.73,56
2026-05-12T01:04:37+08:00,2026/05/12 01:04:37.040,6,18166,24564,109.72,56
2026-05-12T01:04:39+08:00,2026/05/12 01:04:39.118,6,18166,24564,96.40,56
2026-05-12T01:04:41+08:00,2026/05/12 01:04:41.201,44,18166,24564,108.71,55
2026-05-12T01:04:43+08:00,2026/05/12 01:04:43.280,0,18166,24564,203.62,57
2026-05-12T01:04:46+08:00,2026/05/12 01:04:46.139,0,291,24564,36.95,54
2026-05-12T01:04:48+08:00,2026/05/12 01:04:48.267,0,291,24564,35.60,53
2026-05-12T01:04:50+08:00,2026/05/12 01:04:50.542,0,291,24564,13.54,52
2026-05-12T01:04:52+08:00,2026/05/12 01:04:52.665,0,291,24564,7.78,51
2026-05-12T01:04:54+08:00,2026/05/12 01:04:54.786,0,291,24564,7.92,51
2026-05-12T01:04:56+08:00,2026/05/12 01:04:56.912,1,291,24564,7.50,51
2026-05-12T01:04:59+08:00,2026/05/12 01:04:59.035,2,291,24564,7.44,50
2026-05-12T01:05:01+08:00,2026/05/12 01:05:01.289,0,291,24564,7.41,50
2026-05-12T01:05:03+08:00,2026/05/12 01:05:03.412,0,291,24564,6.99,49
2026-05-12T01:05:05+08:00,2026/05/12 01:05:05.534,0,291,24564,7.04,49
2026-05-12T01:05:07+08:00,2026/05/12 01:05:07.657,0,291,24564,7.04,49
2026-05-12T01:05:09+08:00,2026/05/12 01:05:09.917,2,291,24564,7.32,48
2026-05-12T01:05:12+08:00,2026/05/12 01:05:12.039,2,291,24564,6.93,48
2026-05-12T01:05:14+08:00,2026/05/12 01:05:14.284,0,291,24564,7.00,48
