2026/05/02 12:12:37.253, 442, 24564, 4, 51
2026/05/02 12:12:42.383, 442, 24564, 0, 50
2026/05/02 12:15:52.086, 442, 24564, 4, 38
2026/05/02 12:15:57.212, 442, 24564, 3, 37
2026/05/02 12:16:02.290, 2274, 24564, 3, 39
2026/05/02 12:16:07.366, 2314, 24564, 5, 38
2026/05/02 12:16:12.440, 2314, 24564, 3, 38
2026/05/02 12:16:17.515, 2314, 24564, 4, 38
2026/05/02 12:16:22.590, 2314, 24564, 4, 38
2026/05/02 12:16:27.664, 2378, 24564, 3, 38
2026/05/02 12:16:32.735, 2668, 24564, 2, 38
2026/05/02 12:16:37.813, 6404, 24564, 4, 38
2026/05/02 12:16:42.895, 7358, 24564, 47, 44
2026/05/02 12:16:47.974, 15174, 24564, 87, 51
2026/05/02 12:16:53.052, 15240, 24564, 29, 46
2026/05/02 12:16:58.131, 15240, 24564, 6, 47
2026/05/02 12:17:03.208, 15240, 24564, 18, 45
2026/05/02 12:17:08.296, 15240, 24564, 12, 46
2026/05/02 12:17:13.373, 15240, 24564, 6, 50
2026/05/02 12:17:18.461, 15240, 24564, 61, 49
2026/05/02 12:17:23.546, 15240, 24564, 24, 50
2026/05/02 12:17:28.651, 15240, 24564, 34, 49
2026/05/02 12:17:33.751, 15240, 24564, 40, 51
2026/05/02 12:17:38.830, 15240, 24564, 6, 51
2026/05/02 12:17:43.901, 15240, 24564, 57, 53
2026/05/02 12:17:48.996, 15240, 24564, 5, 55
2026/05/02 12:17:54.094, 15240, 24564, 5, 56
2026/05/02 12:17:59.194, 15240, 24564, 58, 54
2026/05/02 12:18:04.284, 15240, 24564, 7, 54
2026/05/02 12:18:09.364, 15240, 24564, 31, 55
2026/05/02 12:18:14.434, 15240, 24564, 15, 61
2026/05/02 12:18:19.518, 15240, 24564, 55, 57
2026/05/02 12:18:24.610, 15240, 24564, 53, 54
2026/05/02 12:18:29.683, 15240, 24564, 54, 54
2026/05/02 12:18:34.770, 15240, 24564, 87, 60
2026/05/02 12:18:39.842, 15240, 24564, 58, 55
2026/05/02 12:18:44.940, 15240, 24564, 57, 55
2026/05/02 12:18:50.011, 15240, 24564, 44, 54
2026/05/02 12:18:55.084, 15240, 24564, 46, 54
2026/05/02 12:19:00.172, 15240, 24564, 7, 54
2026/05/02 12:19:05.257, 15240, 24564, 7, 54
2026/05/02 12:19:10.327, 15240, 24564, 18, 54
2026/05/02 12:19:15.399, 15240, 24564, 3, 53
2026/05/02 12:19:20.506, 15240, 24564, 15, 55
2026/05/02 12:19:25.581, 15240, 24564, 6, 57
2026/05/02 12:19:30.653, 15240, 24564, 5, 54
2026/05/02 12:19:35.723, 15240, 24564, 52, 54
2026/05/02 12:19:40.823, 15240, 24564, 86, 60
2026/05/02 12:19:45.919, 15240, 24564, 31, 55
2026/05/02 12:19:51.055, 15240, 24564, 5, 56
2026/05/02 12:19:56.175, 15240, 24564, 7, 56
2026/05/02 12:20:01.267, 15240, 24564, 6, 55
2026/05/02 12:20:06.360, 15240, 24564, 13, 55
2026/05/02 12:20:11.445, 15240, 24564, 6, 54
2026/05/02 12:20:16.517, 15240, 24564, 5, 54
2026/05/02 12:20:21.601, 15240, 24564, 6, 56
2026/05/02 12:20:26.690, 15240, 24564, 3, 54
2026/05/02 12:20:31.762, 15240, 24564, 21, 55
2026/05/02 12:20:36.855, 15240, 24564, 39, 55
2026/05/02 12:20:41.974, 15240, 24564, 55, 54
2026/05/02 12:20:47.047, 15240, 24564, 5, 56
2026/05/02 12:20:52.118, 15240, 24564, 5, 55
2026/05/02 12:20:57.194, 15240, 24564, 58, 54
2026/05/02 12:21:02.262, 15240, 24564, 57, 54
2026/05/02 12:21:07.333, 15240, 24564, 84, 54
2026/05/02 12:21:12.403, 15240, 24564, 35, 56
2026/05/02 12:21:17.475, 15240, 24564, 56, 55
2026/05/02 12:21:22.564, 15240, 24564, 5, 54
2026/05/02 12:21:27.639, 15240, 24564, 44, 54
2026/05/02 12:21:32.715, 15240, 24564, 6, 54
2026/05/02 12:21:37.786, 15240, 24564, 38, 57
2026/05/02 12:21:42.857, 15240, 24564, 59, 56
2026/05/02 12:21:47.930, 15240, 24564, 5, 56
2026/05/02 12:21:53.023, 15240, 24564, 87, 61
2026/05/02 12:21:58.088, 15240, 24564, 5, 54
2026/05/02 12:22:03.165, 15240, 24564, 61, 54
2026/05/02 12:22:08.237, 15240, 24564, 7, 57
2026/05/02 12:22:13.316, 15240, 24564, 86, 61
2026/05/02 12:22:18.382, 15240, 24564, 6, 55
2026/05/02 12:22:23.454, 15240, 24564, 52, 55
2026/05/02 12:22:28.544, 15240, 24564, 5, 55
2026/05/02 12:22:33.614, 15240, 24564, 40, 53
2026/05/02 12:22:38.685, 15240, 24564, 52, 54
2026/05/02 12:22:43.757, 15240, 24564, 5, 54
2026/05/02 12:22:48.827, 15240, 24564, 10, 53
2026/05/02 12:22:53.897, 15240, 24564, 15, 53
2026/05/02 12:22:59.010, 15240, 24564, 19, 55
2026/05/02 12:23:04.077, 15240, 24564, 52, 53
2026/05/02 12:23:09.155, 15240, 24564, 6, 55
2026/05/02 12:23:14.221, 15240, 24564, 15, 53
2026/05/02 12:23:19.290, 15240, 24564, 6, 55
2026/05/02 12:23:24.361, 15240, 24564, 52, 54
2026/05/02 12:23:29.439, 15240, 24564, 46, 53
2026/05/02 12:23:34.503, 15240, 24564, 43, 53
2026/05/02 12:23:39.573, 15240, 24564, 6, 54
2026/05/02 12:23:44.640, 15240, 24564, 57, 54
2026/05/02 12:23:49.709, 15240, 24564, 21, 54
2026/05/02 12:23:54.776, 15240, 24564, 6, 53
2026/05/02 12:23:59.841, 15240, 24564, 6, 54
2026/05/02 12:24:04.910, 15240, 24564, 45, 55
2026/05/02 12:24:09.980, 15240, 24564, 10, 55
2026/05/02 12:24:15.048, 15240, 24564, 6, 53
2026/05/02 12:24:20.122, 15240, 24564, 55, 54
2026/05/02 12:24:25.188, 15240, 24564, 53, 54
2026/05/02 12:24:30.261, 15240, 24564, 60, 54
2026/05/02 12:24:35.340, 15240, 24564, 7, 55
2026/05/02 12:24:40.418, 15240, 24564, 28, 54
2026/05/02 12:24:45.485, 15240, 24564, 56, 56
2026/05/02 12:24:50.579, 15240, 24564, 9, 56
2026/05/02 12:24:55.649, 15240, 24564, 35, 54
2026/05/02 12:25:00.716, 15240, 24564, 51, 62
2026/05/02 12:25:05.803, 15240, 24564, 59, 55
2026/05/02 12:25:10.868, 15240, 24564, 6, 54
2026/05/02 12:25:15.935, 15240, 24564, 47, 56
2026/05/02 12:25:21.037, 15240, 24564, 5, 57
2026/05/02 12:25:26.250, 15240, 24564, 7, 55
2026/05/02 12:25:31.317, 15240, 24564, 10, 56
2026/05/02 12:25:36.384, 15240, 24564, 44, 55
2026/05/02 12:25:41.449, 15240, 24564, 5, 54
2026/05/02 12:25:46.514, 15240, 24564, 24, 55
2026/05/02 12:25:51.580, 15240, 24564, 15, 55
2026/05/02 12:25:56.651, 15240, 24564, 27, 54
2026/05/02 12:26:01.720, 15240, 24564, 9, 55
2026/05/02 12:26:06.806, 15240, 24564, 6, 55
2026/05/02 12:26:11.884, 15240, 24564, 30, 56
2026/05/02 12:26:16.964, 15240, 24564, 27, 55
2026/05/02 12:26:22.062, 15240, 24564, 5, 54
2026/05/02 12:26:27.130, 15240, 24564, 13, 54
2026/05/02 12:26:32.202, 15240, 24564, 5, 55
2026/05/02 12:26:37.271, 15240, 24564, 3, 55
2026/05/02 12:26:42.337, 15240, 24564, 6, 55
2026/05/02 12:26:47.461, 15240, 24564, 87, 53
2026/05/02 12:26:52.529, 15240, 24564, 57, 56
2026/05/02 12:26:57.601, 15240, 24564, 6, 56
2026/05/02 12:27:02.667, 15240, 24564, 6, 54
2026/05/02 12:27:07.731, 15240, 24564, 71, 54
2026/05/02 12:27:12.808, 15240, 24564, 6, 54
2026/05/02 12:27:17.900, 15240, 24564, 2, 54
2026/05/02 12:27:22.980, 15240, 24564, 6, 54
2026/05/02 12:27:28.048, 15240, 24564, 28, 55
2026/05/02 12:27:33.115, 15240, 24564, 2, 56
2026/05/02 12:27:38.185, 15240, 24564, 6, 56
2026/05/02 12:27:43.328, 15240, 24564, 6, 56
2026/05/02 12:27:48.397, 15240, 24564, 53, 54
2026/05/02 12:27:53.460, 15240, 24564, 6, 55
2026/05/02 12:27:58.528, 15240, 24564, 53, 55
2026/05/02 12:28:03.608, 15240, 24564, 4, 56
2026/05/02 12:28:08.673, 15240, 24564, 6, 55
2026/05/02 12:28:13.760, 15240, 24564, 46, 55
2026/05/02 12:28:18.829, 15240, 24564, 17, 55
2026/05/02 12:28:23.928, 15240, 24564, 45, 56
2026/05/02 12:28:29.034, 15240, 24564, 2, 54
2026/05/02 12:28:34.101, 15240, 24564, 37, 55
2026/05/02 12:28:39.166, 15240, 24564, 54, 55
2026/05/02 12:28:44.230, 15240, 24564, 48, 54
2026/05/02 12:28:49.297, 15240, 24564, 11, 55
2026/05/02 12:28:54.364, 15240, 24564, 16, 55
2026/05/02 12:28:59.429, 15240, 24564, 52, 55
2026/05/02 12:29:04.496, 15240, 24564, 6, 56
2026/05/02 12:29:09.565, 15240, 24564, 51, 54
2026/05/02 12:29:14.628, 15240, 24564, 87, 63
2026/05/02 12:29:19.698, 15240, 24564, 58, 55
2026/05/02 12:29:24.777, 15240, 24564, 5, 56
2026/05/02 12:29:29.859, 15240, 24564, 36, 55
2026/05/02 12:29:34.926, 15240, 24564, 86, 63
2026/05/02 12:29:39.994, 15240, 24564, 6, 55
2026/05/02 12:29:45.057, 15240, 24564, 5, 54
2026/05/02 12:29:50.127, 15240, 24564, 2, 54
2026/05/02 12:29:55.220, 15240, 24564, 6, 55
2026/05/02 12:30:00.313, 15240, 24564, 7, 55
2026/05/02 12:30:05.378, 15240, 24564, 20, 54
2026/05/02 12:30:10.445, 15240, 24564, 35, 55
2026/05/02 12:30:15.511, 15240, 24564, 11, 54
2026/05/02 12:30:20.576, 15240, 24564, 6, 55
2026/05/02 12:30:25.651, 15240, 24564, 12, 54
2026/05/02 12:30:30.718, 15240, 24564, 14, 54
2026/05/02 12:30:35.822, 15240, 24564, 5, 54
2026/05/02 12:30:40.981, 15240, 24564, 51, 58
2026/05/02 12:30:46.047, 15240, 24564, 6, 54
2026/05/02 12:30:51.113, 15240, 24564, 6, 54
2026/05/02 12:30:56.180, 15240, 24564, 58, 54
2026/05/02 12:31:01.246, 15240, 24564, 6, 58
2026/05/02 12:31:06.310, 15240, 24564, 6, 56
2026/05/02 12:31:11.375, 15240, 24564, 39, 54
2026/05/02 12:31:16.441, 15240, 24564, 53, 54
2026/05/02 12:31:21.506, 15240, 24564, 56, 62
2026/05/02 12:31:26.573, 15240, 24564, 23, 54
2026/05/02 12:31:31.638, 15240, 24564, 6, 53
2026/05/02 12:31:36.701, 15240, 24564, 34, 53
2026/05/02 12:31:41.766, 15240, 24564, 64, 53
2026/05/02 12:31:46.849, 15240, 24564, 5, 54
2026/05/02 12:31:51.920, 15240, 24564, 19, 54
2026/05/02 12:31:56.986, 15240, 24564, 17, 55
2026/05/02 12:32:02.131, 15240, 24564, 17, 54
2026/05/02 12:32:07.197, 15240, 24564, 6, 56
2026/05/02 12:32:12.261, 15240, 24564, 5, 55
2026/05/02 12:32:17.326, 15240, 24564, 46, 54
2026/05/02 12:32:22.393, 15240, 24564, 6, 54
2026/05/02 12:32:27.459, 15240, 24564, 45, 55
2026/05/02 12:32:32.528, 15240, 24564, 6, 54
2026/05/02 12:32:37.593, 15240, 24564, 51, 54
2026/05/02 12:32:42.660, 15240, 24564, 13, 56
2026/05/02 12:32:47.728, 15240, 24564, 47, 55
2026/05/02 12:32:52.810, 15240, 24564, 45, 54
2026/05/02 12:32:57.873, 15240, 24564, 9, 54
2026/05/02 12:33:02.941, 15240, 24564, 45, 56
2026/05/02 12:33:08.009, 15240, 24564, 6, 55
2026/05/02 12:33:13.076, 15240, 24564, 49, 56
2026/05/02 12:33:18.141, 15240, 24564, 6, 55
2026/05/02 12:33:23.254, 15240, 24564, 25, 54
2026/05/02 12:33:28.338, 15240, 24564, 28, 55
2026/05/02 12:33:33.404, 15240, 24564, 57, 54
2026/05/02 12:33:38.494, 15240, 24564, 5, 54
2026/05/02 12:33:43.559, 15240, 24564, 24, 54
2026/05/02 12:33:48.625, 15240, 24564, 6, 55
2026/05/02 12:33:53.693, 15240, 24564, 46, 54
2026/05/02 12:33:58.766, 15240, 24564, 6, 56
2026/05/02 12:34:03.833, 15240, 24564, 14, 57
2026/05/02 12:34:08.900, 15240, 24564, 6, 54
2026/05/02 12:34:13.964, 15240, 24564, 6, 54
2026/05/02 12:34:19.032, 15240, 24564, 13, 54
2026/05/02 12:34:24.099, 15240, 24564, 2, 55
2026/05/02 12:34:29.165, 15240, 24564, 6, 55
2026/05/02 12:34:34.228, 15240, 24564, 46, 57
2026/05/02 12:34:39.297, 15240, 24564, 13, 54
2026/05/02 12:34:44.372, 15240, 24564, 7, 55
2026/05/02 12:34:49.434, 15240, 24564, 87, 62
2026/05/02 12:34:54.499, 15240, 24564, 16, 56
2026/05/02 12:34:59.592, 15240, 24564, 46, 56
2026/05/02 12:35:04.660, 15240, 24564, 5, 55
2026/05/02 12:35:09.726, 15240, 24564, 87, 62
2026/05/02 12:35:14.796, 15240, 24564, 5, 57
2026/05/02 12:35:19.861, 15240, 24564, 6, 54
2026/05/02 12:35:24.926, 15240, 24564, 6, 54
2026/05/02 12:35:29.988, 15240, 24564, 85, 63
2026/05/02 12:35:35.056, 15240, 24564, 48, 54
2026/05/02 12:35:40.127, 15240, 24564, 20, 56
2026/05/02 12:35:45.194, 15240, 24564, 27, 54
2026/05/02 12:35:50.257, 15240, 24564, 87, 60
2026/05/02 12:35:55.327, 15240, 24564, 56, 55
2026/05/02 12:36:00.393, 15240, 24564, 14, 55
2026/05/02 12:36:05.459, 15240, 24564, 9, 56
2026/05/02 12:36:10.521, 15240, 24564, 87, 54
2026/05/02 12:36:15.587, 15240, 24564, 38, 55
2026/05/02 12:36:20.668, 15240, 24564, 5, 55
2026/05/02 12:36:25.750, 15240, 24564, 51, 54
2026/05/02 12:36:30.816, 15240, 24564, 87, 61
2026/05/02 12:36:35.883, 15240, 24564, 24, 55
2026/05/02 12:36:40.949, 15240, 24564, 6, 54
2026/05/02 12:36:46.019, 15240, 24564, 6, 55
2026/05/02 12:36:51.083, 15240, 24564, 87, 63
2026/05/02 12:36:56.156, 15240, 24564, 37, 57
2026/05/02 12:37:01.245, 15240, 24564, 6, 55
2026/05/02 12:37:06.325, 15240, 24564, 49, 54
2026/05/02 12:37:11.397, 15240, 24564, 12, 55
2026/05/02 12:37:16.481, 15240, 24564, 7, 54
2026/05/02 12:37:21.553, 15240, 24564, 37, 55
2026/05/02 12:37:26.631, 15240, 24564, 4, 56
2026/05/02 12:37:31.705, 15240, 24564, 5, 54
2026/05/02 12:37:36.814, 15240, 24564, 2, 54
2026/05/02 12:37:41.886, 15240, 24564, 6, 55
2026/05/02 12:37:46.957, 15240, 24564, 55, 54
2026/05/02 12:37:52.051, 15240, 24564, 6, 54
2026/05/02 12:37:57.125, 15240, 24564, 27, 56
2026/05/02 12:38:02.225, 15240, 24564, 8, 55
2026/05/02 12:38:07.321, 15240, 24564, 58, 54
2026/05/02 12:38:12.391, 15240, 24564, 7, 55
2026/05/02 12:38:17.466, 15240, 24564, 52, 55
2026/05/02 12:38:22.536, 15240, 24564, 7, 55
2026/05/02 12:38:27.612, 15240, 24564, 13, 55
2026/05/02 12:38:32.704, 15240, 24564, 51, 54
2026/05/02 12:38:37.784, 15240, 24564, 4, 55
2026/05/02 12:38:42.905, 15240, 24564, 17, 54
2026/05/02 12:38:47.978, 15240, 24564, 5, 54
2026/05/02 12:38:53.048, 15240, 24564, 29, 54
2026/05/02 12:38:58.121, 15240, 24564, 37, 54
2026/05/02 12:39:03.214, 15240, 24564, 6, 56
2026/05/02 12:39:08.287, 15240, 24564, 51, 54
2026/05/02 12:39:13.358, 15240, 24564, 27, 54
2026/05/02 12:39:18.429, 15240, 24564, 87, 63
2026/05/02 12:39:23.502, 15240, 24564, 7, 54
2026/05/02 12:39:28.573, 15240, 24564, 41, 55
2026/05/02 12:39:33.640, 15240, 24564, 41, 54
2026/05/02 12:39:38.748, 15240, 24564, 51, 63
2026/05/02 12:39:43.816, 15240, 24564, 6, 56
2026/05/02 12:39:48.885, 15240, 24564, 32, 54
2026/05/02 12:39:53.955, 15240, 24564, 57, 55
2026/05/02 12:39:59.026, 15240, 24564, 9, 55
2026/05/02 12:40:04.103, 15240, 24564, 46, 56
2026/05/02 12:40:09.176, 15240, 24564, 48, 54
2026/05/02 12:40:14.245, 15240, 24564, 51, 54
2026/05/02 12:40:19.312, 15240, 24564, 6, 55
2026/05/02 12:40:24.402, 15240, 24564, 12, 55
2026/05/02 12:40:29.482, 15240, 24564, 31, 54
2026/05/02 12:40:34.552, 15240, 24564, 19, 56
2026/05/02 12:40:39.622, 15240, 24564, 16, 58
2026/05/02 12:40:44.689, 15240, 24564, 5, 54
2026/05/02 12:40:49.758, 15240, 24564, 40, 54
2026/05/02 12:40:54.827, 15240, 24564, 52, 54
2026/05/02 12:40:59.906, 15240, 24564, 5, 54
2026/05/02 12:41:04.976, 15240, 24564, 2, 54
2026/05/02 12:41:10.044, 15240, 24564, 6, 54
2026/05/02 12:41:15.116, 15240, 24564, 6, 54
2026/05/02 12:41:20.184, 15240, 24564, 17, 56
2026/05/02 12:41:25.258, 15240, 24564, 48, 56
2026/05/02 12:41:30.327, 15240, 24564, 6, 55
2026/05/02 12:41:35.395, 15240, 24564, 56, 54
2026/05/02 12:41:40.464, 15240, 24564, 7, 56
2026/05/02 12:41:45.533, 15240, 24564, 6, 55
2026/05/02 12:41:50.604, 15240, 24564, 48, 56
2026/05/02 12:41:55.678, 15240, 24564, 5, 54
2026/05/02 12:42:00.746, 15240, 24564, 39, 53
2026/05/02 12:42:05.816, 15240, 24564, 14, 57
2026/05/02 12:42:10.895, 15240, 24564, 34, 55
2026/05/02 12:42:15.965, 15240, 24564, 8, 53
2026/05/02 12:42:21.032, 15240, 24564, 5, 54
2026/05/02 12:42:26.109, 15240, 24564, 6, 55
2026/05/02 12:42:31.174, 15240, 24564, 20, 55
2026/05/02 12:42:36.270, 15240, 24564, 53, 54
2026/05/02 12:42:41.332, 15240, 24564, 40, 53
2026/05/02 12:42:46.398, 15240, 24564, 26, 54
2026/05/02 12:42:51.463, 15240, 24564, 50, 54
2026/05/02 12:42:56.529, 15240, 24564, 6, 54
2026/05/02 12:43:01.601, 15240, 24564, 6, 54
2026/05/02 12:43:06.670, 15240, 24564, 6, 55
2026/05/02 12:43:11.737, 15240, 24564, 6, 57
2026/05/02 12:43:16.799, 15240, 24564, 6, 56
2026/05/02 12:43:21.863, 15240, 24564, 55, 61
2026/05/02 12:43:26.953, 15240, 24564, 5, 54
2026/05/02 12:43:32.042, 15240, 24564, 51, 55
2026/05/02 12:43:37.114, 15240, 24564, 37, 56
2026/05/02 12:43:42.198, 15240, 24564, 16, 57
2026/05/02 12:43:47.264, 15240, 24564, 6, 55
2026/05/02 12:43:52.348, 15240, 24564, 7, 56
2026/05/02 12:43:57.415, 15240, 24564, 15, 55
2026/05/02 12:44:02.479, 15240, 24564, 7, 56
2026/05/02 12:44:07.545, 15240, 24564, 7, 56
2026/05/02 12:44:12.610, 15240, 24564, 6, 55
2026/05/02 12:44:17.674, 15240, 24564, 67, 54
2026/05/02 12:44:22.747, 15240, 24564, 54, 55
2026/05/02 12:44:27.811, 15240, 24564, 2, 54
2026/05/02 12:44:32.893, 15240, 24564, 10, 56
2026/05/02 12:44:37.959, 15240, 24564, 86, 62
2026/05/02 12:44:43.024, 15240, 24564, 34, 56
2026/05/02 12:44:48.088, 15240, 24564, 26, 56
2026/05/02 12:44:53.167, 15240, 24564, 2, 54
2026/05/02 12:44:58.252, 15240, 24564, 37, 55
2026/05/02 12:45:03.355, 15240, 24564, 3, 56
2026/05/02 12:45:08.430, 15240, 24564, 60, 54
2026/05/02 12:45:13.495, 15240, 24564, 45, 55
2026/05/02 12:45:18.564, 15240, 24564, 40, 56
2026/05/02 12:45:23.633, 15240, 24564, 59, 56
2026/05/02 12:45:28.699, 15240, 24564, 6, 56
2026/05/02 12:45:33.766, 15240, 24564, 5, 54
2026/05/02 12:45:38.833, 15240, 24564, 45, 55
2026/05/02 12:45:43.901, 15240, 24564, 6, 57
2026/05/02 12:45:48.966, 15240, 24564, 6, 54
2026/05/02 12:45:54.031, 15240, 24564, 84, 61
2026/05/02 12:45:59.097, 15240, 24564, 10, 55
2026/05/02 12:46:04.162, 15240, 24564, 58, 56
2026/05/02 12:46:09.228, 15240, 24564, 60, 54
2026/05/02 12:46:14.303, 15240, 24564, 46, 62
2026/05/02 12:46:19.370, 15240, 24564, 54, 55
2026/05/02 12:46:24.435, 15240, 24564, 12, 54
2026/05/02 12:46:29.502, 15240, 24564, 21, 54
2026/05/02 12:46:34.570, 15240, 24564, 6, 56
2026/05/02 12:46:39.635, 15240, 24564, 6, 54
2026/05/02 12:46:44.705, 15240, 24564, 6, 55
2026/05/02 12:46:49.767, 15240, 24564, 6, 54
2026/05/02 12:46:54.835, 15240, 24564, 58, 55
2026/05/02 12:46:59.906, 15240, 24564, 5, 56
2026/05/02 12:47:04.972, 15240, 24564, 6, 55
2026/05/02 12:47:10.037, 15240, 24564, 27, 55
2026/05/02 12:47:15.147, 15240, 24564, 5, 54
2026/05/02 12:47:20.212, 15240, 24564, 55, 54
2026/05/02 12:47:25.280, 15240, 24564, 4, 56
2026/05/02 12:47:30.346, 15240, 24564, 15, 55
2026/05/02 12:47:35.412, 15240, 24564, 56, 54
2026/05/02 12:47:40.477, 15240, 24564, 7, 56
2026/05/02 12:47:45.545, 15240, 24564, 79, 62
2026/05/02 12:47:50.620, 15240, 24564, 24, 55
2026/05/02 12:47:55.686, 15240, 24564, 34, 55
2026/05/02 12:48:00.756, 15240, 24564, 10, 55
2026/05/02 12:48:05.825, 15240, 24564, 46, 55
2026/05/02 12:48:10.897, 15240, 24564, 58, 54
2026/05/02 12:48:15.967, 15240, 24564, 9, 54
2026/05/02 12:48:21.034, 15240, 24564, 58, 58
2026/05/02 12:48:26.105, 15240, 24564, 4, 55
2026/05/02 12:48:31.170, 15240, 24564, 6, 55
2026/05/02 12:48:36.234, 15240, 24564, 52, 55
2026/05/02 12:48:41.301, 15240, 24564, 53, 55
2026/05/02 12:48:46.366, 15240, 24564, 19, 57
2026/05/02 12:48:51.451, 15240, 24564, 7, 55
2026/05/02 12:48:56.527, 15240, 24564, 5, 57
2026/05/02 12:49:01.596, 15240, 24564, 52, 56
2026/05/02 12:49:06.668, 15240, 24564, 57, 56
2026/05/02 12:49:11.733, 15240, 24564, 87, 61
2026/05/02 12:49:16.798, 15240, 24564, 34, 55
2026/05/02 12:49:21.866, 15240, 24564, 5, 55
2026/05/02 12:49:26.932, 15240, 24564, 58, 55
2026/05/02 12:49:32.005, 15240, 24564, 6, 54
2026/05/02 12:49:37.092, 15240, 24564, 50, 56
2026/05/02 12:49:42.159, 15240, 24564, 48, 55
2026/05/02 12:49:47.224, 15240, 24564, 50, 56
2026/05/02 12:49:52.297, 15240, 24564, 22, 56
2026/05/02 12:49:57.360, 15240, 24564, 58, 54
2026/05/02 12:50:02.432, 15240, 24564, 48, 64
2026/05/02 12:50:07.505, 15240, 24564, 6, 55
2026/05/02 12:50:12.569, 15240, 24564, 56, 56
2026/05/02 12:50:17.641, 15240, 24564, 3, 54
2026/05/02 12:50:22.703, 15240, 24564, 26, 55
2026/05/02 12:50:27.777, 15240, 24564, 5, 57
2026/05/02 12:50:32.844, 15240, 24564, 6, 55
2026/05/02 12:50:37.908, 15240, 24564, 2, 56
2026/05/02 12:50:42.977, 15240, 24564, 50, 56
2026/05/02 12:50:48.043, 15240, 24564, 52, 55
2026/05/02 12:50:53.112, 15240, 24564, 69, 62
2026/05/02 12:50:58.250, 15240, 24564, 38, 56
2026/05/02 12:51:03.357, 15240, 24564, 39, 54
2026/05/02 12:51:08.443, 15240, 24564, 87, 62
2026/05/02 12:51:13.512, 15240, 24564, 47, 55
2026/05/02 12:51:18.590, 15240, 24564, 42, 55
2026/05/02 12:51:23.652, 15240, 24564, 87, 58
2026/05/02 12:51:28.717, 15240, 24564, 23, 55
2026/05/02 12:51:33.785, 15240, 24564, 44, 54
2026/05/02 12:51:38.850, 15240, 24564, 87, 62
2026/05/02 12:51:43.915, 15240, 24564, 37, 55
2026/05/02 12:51:48.984, 15240, 24564, 16, 55
2026/05/02 12:51:54.050, 15240, 24564, 86, 62
2026/05/02 12:51:59.115, 15240, 24564, 2, 54
2026/05/02 12:52:04.179, 15240, 24564, 38, 54
2026/05/02 12:52:09.249, 15240, 24564, 87, 60
2026/05/02 12:52:14.363, 15240, 24564, 9, 56
2026/05/02 12:52:19.428, 15240, 24564, 6, 56
2026/05/02 12:52:24.494, 15240, 24564, 87, 63
2026/05/02 12:52:29.557, 15240, 24564, 23, 55
2026/05/02 12:52:34.622, 15240, 24564, 7, 54
2026/05/02 12:52:39.686, 15240, 24564, 84, 62
2026/05/02 12:52:44.748, 15240, 24564, 16, 56
2026/05/02 12:52:49.818, 15240, 24564, 28, 54
2026/05/02 12:52:54.888, 15240, 24564, 55, 56
2026/05/02 12:52:59.959, 15240, 24564, 58, 56
2026/05/02 12:53:05.027, 15240, 24564, 28, 56
2026/05/02 12:53:10.090, 15240, 24564, 60, 56
2026/05/02 12:53:15.159, 15240, 24564, 59, 56
2026/05/02 12:53:20.231, 15240, 24564, 87, 63
2026/05/02 12:53:25.299, 15240, 24564, 27, 55
2026/05/02 12:53:30.368, 15240, 24564, 20, 56
2026/05/02 12:53:35.434, 15240, 24564, 34, 55
2026/05/02 12:53:40.502, 15240, 24564, 59, 55
2026/05/02 12:53:45.568, 15240, 24564, 25, 54
2026/05/02 12:53:50.632, 15240, 24564, 17, 55
2026/05/02 12:53:55.698, 15240, 24564, 31, 57
2026/05/02 12:54:00.765, 15240, 24564, 42, 56
2026/05/02 12:54:05.832, 15240, 24564, 27, 57
2026/05/02 12:54:10.900, 15240, 24564, 22, 56
2026/05/02 12:54:15.965, 15240, 24564, 11, 57
2026/05/02 12:54:21.029, 15240, 24564, 44, 57
2026/05/02 12:54:26.098, 15240, 24564, 56, 57
2026/05/02 12:54:31.163, 15240, 24564, 34, 56
2026/05/02 12:54:36.228, 15240, 24564, 77, 55
2026/05/02 12:54:41.292, 15240, 24564, 16, 56
2026/05/02 12:54:46.357, 15240, 24564, 22, 57
2026/05/02 12:54:51.421, 15240, 24564, 54, 60
2026/05/02 12:54:56.488, 15240, 24564, 56, 56
2026/05/02 12:55:01.553, 15240, 24564, 62, 56
2026/05/02 12:55:06.620, 15240, 24564, 56, 56
2026/05/02 12:55:11.688, 15240, 24564, 58, 56
2026/05/02 12:55:16.750, 15240, 24564, 55, 56
2026/05/02 12:55:21.815, 15240, 24564, 20, 56
2026/05/02 12:55:26.877, 15240, 24564, 36, 54
2026/05/02 12:55:31.939, 15240, 24564, 2, 54
2026/05/02 12:55:37.006, 15240, 24564, 27, 55
2026/05/02 12:55:42.097, 15240, 24564, 35, 55
2026/05/02 12:55:47.162, 15240, 24564, 52, 57
2026/05/02 12:55:52.227, 15240, 24564, 2, 57
2026/05/02 12:55:57.293, 15240, 24564, 32, 57
2026/05/02 12:56:02.361, 15240, 24564, 26, 58
2026/05/02 12:56:07.427, 15240, 24564, 32, 56
2026/05/02 12:56:12.496, 15240, 24564, 27, 56
2026/05/02 12:56:17.560, 15240, 24564, 40, 58
2026/05/02 12:56:22.626, 15240, 24564, 60, 56
2026/05/02 12:56:27.696, 15240, 24564, 32, 64
2026/05/02 12:56:32.764, 15240, 24564, 58, 56
2026/05/02 12:56:37.834, 15240, 24564, 32, 58
2026/05/02 12:56:42.898, 15240, 24564, 37, 56
2026/05/02 12:56:47.969, 15240, 24564, 44, 56
2026/05/02 12:56:53.033, 15240, 24564, 19, 55
2026/05/02 12:56:58.097, 15240, 24564, 37, 56
2026/05/02 12:57:03.162, 15240, 24564, 38, 56
2026/05/02 12:57:08.232, 15240, 24564, 64, 55
2026/05/02 12:57:13.299, 15240, 24564, 40, 57
2026/05/02 12:57:18.366, 15240, 24564, 51, 57
2026/05/02 12:57:23.434, 15240, 24564, 53, 57
2026/05/02 12:57:28.498, 15240, 24564, 56, 57
2026/05/02 12:57:33.562, 15240, 24564, 87, 56
2026/05/02 12:57:38.634, 15240, 24564, 55, 57
2026/05/02 12:57:43.700, 15240, 24564, 80, 64
2026/05/02 12:57:48.765, 15240, 24564, 58, 56
2026/05/02 12:57:53.830, 15240, 24564, 57, 59
2026/05/02 12:57:58.895, 15240, 24564, 41, 56
2026/05/02 12:58:03.968, 15240, 24564, 41, 57
2026/05/02 12:58:09.034, 15240, 24564, 43, 57
2026/05/02 12:58:14.141, 15240, 24564, 42, 57
2026/05/02 12:58:19.210, 15240, 24564, 48, 57
2026/05/02 12:58:24.277, 15240, 24564, 61, 57
2026/05/02 12:58:29.347, 15240, 24564, 86, 61
2026/05/02 12:58:34.415, 15240, 24564, 45, 56
2026/05/02 12:58:39.479, 15240, 24564, 48, 57
2026/05/02 12:58:44.545, 15240, 24564, 48, 57
2026/05/02 12:58:49.611, 15240, 24564, 59, 56
2026/05/02 12:58:54.683, 15240, 24564, 43, 56
2026/05/02 12:58:59.749, 15240, 24564, 44, 58
2026/05/02 12:59:04.815, 15240, 24564, 48, 57
2026/05/02 12:59:09.879, 15240, 24564, 61, 56
2026/05/02 12:59:14.945, 15240, 24564, 83, 62
2026/05/02 12:59:20.011, 15240, 24564, 49, 56
2026/05/02 12:59:25.082, 15240, 24564, 58, 58
2026/05/02 12:59:30.151, 15240, 24564, 49, 57
2026/05/02 12:59:35.217, 15240, 24564, 44, 56
2026/05/02 12:59:40.283, 15242, 24564, 47, 57
2026/05/02 12:59:45.349, 15242, 24564, 63, 57
2026/05/02 12:59:50.418, 15242, 24564, 47, 55
2026/05/02 12:59:55.487, 15242, 24564, 44, 57
2026/05/02 13:00:00.549, 15242, 24564, 40, 56
2026/05/02 13:00:05.614, 15242, 24564, 41, 57
2026/05/02 13:00:10.678, 15242, 24564, 44, 56
2026/05/02 13:00:15.745, 15242, 24564, 27, 57
2026/05/02 13:00:20.814, 15242, 24564, 46, 55
2026/05/02 13:00:25.881, 15242, 24564, 49, 58
2026/05/02 13:00:30.953, 15242, 24564, 59, 56
2026/05/02 13:00:36.019, 15242, 24564, 44, 57
2026/05/02 13:00:41.095, 15242, 24564, 80, 62
2026/05/02 13:00:46.159, 15242, 24564, 46, 57
2026/05/02 13:00:51.224, 15242, 24564, 53, 58
2026/05/02 13:00:56.287, 15242, 24564, 36, 56
2026/05/02 13:01:01.356, 15242, 24564, 59, 56
2026/05/02 13:01:06.422, 15242, 24564, 46, 57
2026/05/02 13:01:11.491, 15242, 24564, 26, 57
2026/05/02 13:01:16.557, 15242, 24564, 34, 55
2026/05/02 13:01:21.622, 15242, 24564, 58, 57
2026/05/02 13:01:26.687, 15242, 24564, 80, 61
2026/05/02 13:01:31.753, 15131, 24564, 57, 57
2026/05/02 13:01:36.819, 15140, 24564, 43, 58
2026/05/02 13:01:41.890, 15140, 24564, 62, 57
2026/05/02 13:01:46.953, 15140, 24564, 47, 57
2026/05/02 13:01:52.021, 15140, 24564, 51, 58
2026/05/02 13:01:57.087, 15140, 24564, 60, 57
2026/05/02 13:02:02.159, 15140, 24564, 34, 55
2026/05/02 13:02:07.226, 15140, 24564, 56, 57
2026/05/02 13:02:12.288, 15140, 24564, 65, 61
2026/05/02 13:02:17.353, 15140, 24564, 45, 56
2026/05/02 13:02:22.418, 15140, 24564, 63, 63
2026/05/02 13:02:27.481, 15140, 24564, 54, 56
2026/05/02 13:02:32.549, 15140, 24564, 64, 61
2026/05/02 13:02:37.612, 15140, 24564, 41, 56
2026/05/02 13:02:42.723, 15140, 24564, 50, 58
2026/05/02 13:02:47.789, 15140, 24564, 40, 56
2026/05/02 13:02:52.853, 15140, 24564, 59, 57
2026/05/02 13:02:57.923, 15140, 24564, 51, 57
2026/05/02 13:03:02.993, 15140, 24564, 53, 57
2026/05/02 13:03:08.061, 15140, 24564, 10, 55
2026/05/02 13:03:13.125, 15140, 24564, 45, 57
2026/05/02 13:03:18.188, 15140, 24564, 56, 57
2026/05/02 13:03:23.257, 15140, 24564, 57, 56
2026/05/02 13:03:28.325, 15140, 24564, 58, 55
2026/05/02 13:03:33.392, 15140, 24564, 9, 57
2026/05/02 13:03:38.455, 15140, 24564, 52, 56
2026/05/02 13:03:43.520, 15140, 24564, 43, 56
2026/05/02 13:03:48.584, 15140, 24564, 59, 61
2026/05/02 13:03:53.649, 15140, 24564, 38, 58
2026/05/02 13:03:58.711, 15140, 24564, 65, 60
2026/05/02 13:04:03.776, 15140, 24564, 35, 56
2026/05/02 13:04:08.841, 15140, 24564, 85, 64
2026/05/02 13:04:13.905, 15140, 24564, 40, 55
2026/05/02 13:04:18.973, 15140, 24564, 39, 58
2026/05/02 13:04:24.038, 15140, 24564, 60, 56
2026/05/02 13:04:29.105, 15140, 24564, 37, 57
2026/05/02 13:04:34.174, 15140, 24564, 41, 56
2026/05/02 13:04:39.247, 15140, 24564, 49, 57
2026/05/02 13:04:44.313, 15140, 24564, 59, 57
2026/05/02 13:04:49.381, 15140, 24564, 54, 56
2026/05/02 13:04:54.446, 15140, 24564, 39, 55
2026/05/02 13:04:59.511, 15140, 24564, 50, 56
2026/05/02 13:05:04.581, 15140, 24564, 24, 56
2026/05/02 13:05:09.646, 15140, 24564, 50, 57
2026/05/02 13:05:14.709, 15140, 24564, 85, 60
2026/05/02 13:05:19.777, 15140, 24564, 44, 57
2026/05/02 13:05:24.866, 15140, 24564, 87, 64
2026/05/02 13:05:29.929, 15140, 24564, 49, 56
2026/05/02 13:05:34.994, 15140, 24564, 39, 58
2026/05/02 13:05:40.063, 15140, 24564, 61, 57
2026/05/02 13:05:45.128, 15140, 24564, 59, 56
2026/05/02 13:05:50.192, 15140, 24564, 45, 55
2026/05/02 13:05:55.264, 15140, 24564, 59, 57
2026/05/02 13:06:00.332, 15140, 24564, 44, 57
2026/05/02 13:06:05.402, 15140, 24564, 42, 57
2026/05/02 13:06:10.493, 15140, 24564, 87, 55
2026/05/02 13:06:15.557, 15140, 24564, 38, 56
2026/05/02 13:06:20.620, 15140, 24564, 86, 62
2026/05/02 13:06:25.689, 15140, 24564, 50, 57
2026/05/02 13:06:30.756, 15140, 24564, 42, 57
2026/05/02 13:06:35.825, 15140, 24564, 52, 56
2026/05/02 13:06:40.890, 15140, 24564, 40, 57
2026/05/02 13:06:45.956, 15140, 24564, 42, 56
2026/05/02 13:06:51.025, 15140, 24564, 41, 56
2026/05/02 13:06:56.090, 15140, 24564, 87, 62
2026/05/02 13:07:01.155, 15140, 24564, 59, 56
2026/05/02 13:07:06.220, 15140, 24564, 42, 57
2026/05/02 13:07:11.287, 15140, 24564, 42, 57
2026/05/02 13:07:16.355, 15140, 24564, 50, 57
2026/05/02 13:07:21.427, 15140, 24564, 60, 57
2026/05/02 13:07:26.493, 15140, 24564, 58, 57
2026/05/02 13:07:31.585, 15140, 24564, 80, 63
2026/05/02 13:07:36.650, 15140, 24564, 54, 57
2026/05/02 13:07:41.721, 15140, 24564, 57, 58
2026/05/02 13:07:46.786, 15140, 24564, 43, 57
2026/05/02 13:07:51.852, 15140, 24564, 44, 57
2026/05/02 13:07:56.919, 15140, 24564, 60, 56
2026/05/02 13:08:01.987, 15140, 24564, 41, 56
2026/05/02 13:08:07.053, 15140, 24564, 87, 55
2026/05/02 13:08:12.118, 15140, 24564, 44, 57
2026/05/02 13:08:17.181, 15140, 24564, 43, 58
2026/05/02 13:08:22.250, 15140, 24564, 53, 56
2026/05/02 13:08:27.323, 15140, 24564, 44, 57
2026/05/02 13:08:32.386, 15140, 24564, 45, 56
2026/05/02 13:08:37.454, 15140, 24564, 58, 55
2026/05/02 13:08:42.518, 15140, 24564, 60, 57
2026/05/02 13:08:47.582, 15140, 24564, 59, 56
2026/05/02 13:08:52.647, 15140, 24564, 81, 63
2026/05/02 13:08:57.715, 15140, 24564, 59, 55
2026/05/02 13:09:02.780, 15140, 24564, 46, 56
2026/05/02 13:09:07.849, 15140, 24564, 50, 56
2026/05/02 13:09:12.917, 15140, 24564, 40, 57
2026/05/02 13:09:17.987, 15140, 24564, 48, 56
2026/05/02 13:09:23.053, 15140, 24564, 60, 56
2026/05/02 13:09:28.122, 15140, 24564, 79, 61
2026/05/02 13:09:33.188, 15140, 24564, 41, 56
2026/05/02 13:09:38.256, 15140, 24564, 32, 56
2026/05/02 13:09:43.323, 15140, 24564, 59, 55
2026/05/02 13:09:48.387, 15140, 24564, 60, 57
2026/05/02 13:09:53.453, 15140, 24564, 58, 55
2026/05/02 13:09:58.523, 15140, 24564, 60, 57
2026/05/02 13:10:03.588, 15140, 24564, 87, 60
2026/05/02 13:10:08.656, 15140, 24564, 46, 56
2026/05/02 13:10:13.726, 15140, 24564, 60, 57
2026/05/02 13:10:18.794, 15140, 24564, 40, 57
2026/05/02 13:10:23.861, 15140, 24564, 53, 57
2026/05/02 13:10:28.929, 15140, 24564, 45, 58
2026/05/02 13:10:33.994, 15140, 24564, 44, 58
2026/05/02 13:10:39.058, 15140, 24564, 87, 62
2026/05/02 13:10:44.123, 15140, 24564, 59, 57
2026/05/02 13:10:49.188, 15140, 24564, 43, 57
2026/05/02 13:10:54.255, 15140, 24564, 43, 56
2026/05/02 13:10:59.322, 15140, 24564, 56, 57
2026/05/02 13:11:04.388, 15140, 24564, 43, 56
2026/05/02 13:11:09.453, 15140, 24564, 58, 57
2026/05/02 13:11:14.527, 15140, 24564, 64, 58
2026/05/02 13:11:19.593, 15140, 24564, 59, 57
2026/05/02 13:11:24.679, 15140, 24564, 72, 65
2026/05/02 13:11:29.747, 15140, 24564, 55, 56
2026/05/02 13:11:34.815, 15140, 24564, 44, 57
2026/05/02 13:11:39.881, 15140, 24564, 28, 55
2026/05/02 13:11:44.946, 15140, 24564, 55, 57
2026/05/02 13:11:50.014, 15140, 24564, 76, 56
2026/05/02 13:11:55.081, 15140, 24564, 44, 57
2026/05/02 13:12:00.147, 15140, 24564, 38, 57
2026/05/02 13:12:05.213, 15140, 24564, 58, 56
2026/05/02 13:12:10.278, 15140, 24564, 58, 57
2026/05/02 13:12:15.344, 15140, 24564, 38, 56
2026/05/02 13:12:20.411, 15140, 24564, 40, 56
2026/05/02 13:12:25.478, 15140, 24564, 48, 56
2026/05/02 13:12:30.546, 15140, 24564, 41, 56
2026/05/02 13:12:35.612, 15140, 24564, 45, 56
2026/05/02 13:12:40.682, 15140, 24564, 55, 58
2026/05/02 13:12:45.746, 15140, 24564, 81, 63
2026/05/02 13:12:50.813, 15140, 24564, 44, 56
2026/05/02 13:12:55.885, 15140, 24564, 50, 60
2026/05/02 13:13:00.952, 15140, 24564, 58, 55
2026/05/02 13:13:06.016, 15140, 24564, 42, 57
2026/05/02 13:13:11.084, 15140, 24564, 53, 57
2026/05/02 13:13:16.153, 15140, 24564, 41, 57
2026/05/02 13:13:21.221, 15140, 24564, 31, 58
2026/05/02 13:13:26.287, 15140, 24564, 38, 55
2026/05/02 13:13:31.352, 15140, 24564, 63, 61
2026/05/02 13:13:36.419, 15140, 24564, 59, 57
2026/05/02 13:13:41.486, 15140, 24564, 62, 62
2026/05/02 13:13:46.558, 15140, 24564, 52, 57
2026/05/02 13:13:51.624, 15140, 24564, 65, 59
2026/05/02 13:13:56.697, 15140, 24564, 55, 57
2026/05/02 13:14:01.761, 15140, 24564, 40, 56
2026/05/02 13:14:06.827, 15140, 24564, 41, 57
2026/05/02 13:14:11.895, 15140, 24564, 60, 56
2026/05/02 13:14:16.960, 15140, 24564, 43, 56
2026/05/02 13:14:22.031, 15140, 24564, 45, 57
2026/05/02 13:14:27.097, 15140, 24564, 52, 56
2026/05/02 13:14:32.168, 15140, 24564, 39, 57
2026/05/02 13:14:37.234, 15140, 24564, 65, 62
2026/05/02 13:14:42.303, 15140, 24564, 39, 57
2026/05/02 13:14:47.370, 15140, 24564, 59, 59
2026/05/02 13:14:52.436, 15140, 24564, 62, 57
2026/05/02 13:14:57.501, 15140, 24564, 56, 58
2026/05/02 13:15:02.572, 15140, 24564, 38, 57
2026/05/02 13:15:07.641, 15140, 24564, 42, 56
2026/05/02 13:15:12.707, 15140, 24564, 45, 56
2026/05/02 13:15:17.774, 15140, 24564, 55, 57
2026/05/02 13:15:22.838, 15140, 24564, 80, 63
2026/05/02 13:15:27.904, 15140, 24564, 42, 56
2026/05/02 13:15:32.975, 15140, 24564, 62, 62
2026/05/02 13:15:38.041, 15140, 24564, 52, 57
2026/05/02 13:15:43.104, 15140, 24564, 41, 56
2026/05/02 13:15:48.170, 15140, 24564, 43, 57
2026/05/02 13:15:53.237, 15140, 24564, 44, 57
2026/05/02 13:15:58.300, 15140, 24564, 63, 62
2026/05/02 13:16:03.369, 15140, 24564, 48, 57
2026/05/02 13:16:08.435, 15140, 24564, 44, 59
2026/05/02 13:16:13.506, 15140, 24564, 54, 57
2026/05/02 13:16:18.576, 15140, 24564, 56, 57
2026/05/02 13:16:23.647, 15140, 24564, 39, 56
2026/05/02 13:16:28.713, 15140, 24564, 40, 58
2026/05/02 13:16:33.788, 15140, 24564, 43, 56
2026/05/02 13:16:38.856, 15140, 24564, 56, 57
2026/05/02 13:16:43.921, 15140, 24564, 43, 57
2026/05/02 13:16:48.989, 15140, 24564, 42, 56
2026/05/02 13:16:54.054, 15140, 24564, 80, 60
2026/05/02 13:16:59.119, 15140, 24564, 55, 57
2026/05/02 13:17:04.184, 15140, 24564, 62, 62
2026/05/02 13:17:09.250, 15140, 24564, 40, 56
2026/05/02 13:17:14.315, 15140, 24564, 71, 61
2026/05/02 13:17:19.383, 15140, 24564, 59, 56
2026/05/02 13:17:24.454, 15140, 24564, 45, 58
2026/05/02 13:17:29.520, 15140, 24564, 56, 56
2026/05/02 13:17:34.583, 15140, 24564, 43, 57
2026/05/02 13:17:39.649, 15140, 24564, 31, 57
2026/05/02 13:17:44.716, 15140, 24564, 45, 57
2026/05/02 13:17:49.779, 15140, 24564, 71, 62
2026/05/02 13:17:54.844, 15140, 24564, 49, 58
2026/05/02 13:17:59.911, 15140, 24564, 52, 57
2026/05/02 13:18:04.980, 15140, 24564, 51, 57
2026/05/02 13:18:10.045, 15140, 24564, 57, 58
2026/05/02 13:18:15.111, 15140, 24564, 70, 62
2026/05/02 13:18:20.179, 15140, 24564, 55, 57
2026/05/02 13:18:25.247, 15140, 24564, 57, 58
2026/05/02 13:18:30.311, 15140, 24564, 57, 56
2026/05/02 13:18:35.376, 15140, 24564, 59, 56
2026/05/02 13:18:40.445, 15140, 24564, 49, 56
2026/05/02 13:18:45.516, 15140, 24564, 38, 57
2026/05/02 13:18:50.581, 15140, 24564, 38, 56
2026/05/02 13:18:55.644, 15140, 24564, 43, 56
2026/05/02 13:19:00.710, 15140, 24564, 81, 62
2026/05/02 13:19:05.784, 15140, 24564, 57, 56
2026/05/02 13:19:10.851, 15140, 24564, 59, 57
2026/05/02 13:19:15.918, 15140, 24564, 52, 57
2026/05/02 13:19:20.984, 15140, 24564, 43, 57
2026/05/02 13:19:26.047, 15140, 24564, 62, 57
2026/05/02 13:19:31.118, 15140, 24564, 36, 57
2026/05/02 13:19:36.184, 15140, 24564, 58, 57
2026/05/02 13:19:41.249, 15140, 24564, 43, 57
2026/05/02 13:19:46.315, 15140, 24564, 58, 57
2026/05/02 13:19:51.379, 15140, 24564, 51, 57
2026/05/02 13:19:56.447, 15140, 24564, 42, 57
2026/05/02 13:20:01.516, 15140, 24564, 87, 62
2026/05/02 13:20:06.581, 15140, 24564, 38, 58
2026/05/02 13:20:11.647, 15140, 24564, 44, 57
2026/05/02 13:20:16.715, 15140, 24564, 45, 56
2026/05/02 13:20:21.781, 15140, 24564, 44, 57
2026/05/02 13:20:26.846, 15140, 24564, 55, 57
2026/05/02 13:20:31.910, 15140, 24564, 60, 56
2026/05/02 13:20:36.979, 15140, 24564, 55, 62
2026/05/02 13:20:42.045, 15140, 24564, 47, 58
2026/05/02 13:20:47.115, 15140, 24564, 51, 57
2026/05/02 13:20:52.181, 15140, 24564, 60, 56
2026/05/02 13:20:57.249, 15140, 24564, 60, 56
2026/05/02 13:21:02.312, 15140, 24564, 87, 62
2026/05/02 13:21:07.377, 15140, 24564, 46, 57
2026/05/02 13:21:12.445, 15140, 24564, 45, 57
2026/05/02 13:21:17.516, 15140, 24564, 52, 57
2026/05/02 13:21:22.582, 15140, 24564, 37, 57
2026/05/02 13:21:27.646, 15140, 24564, 42, 55
2026/05/02 13:21:32.715, 15140, 24564, 38, 56
2026/05/02 13:21:37.781, 15140, 24564, 87, 63
2026/05/02 13:21:42.847, 15140, 24564, 36, 57
2026/05/02 13:21:47.915, 15140, 24564, 58, 56
2026/05/02 13:21:52.984, 15140, 24564, 39, 56
2026/05/02 13:21:58.051, 15140, 24564, 54, 57
2026/05/02 13:22:03.116, 15140, 24564, 41, 56
2026/05/02 13:22:08.182, 15140, 24564, 41, 57
2026/05/02 13:22:13.251, 15140, 24564, 87, 63
2026/05/02 13:22:18.326, 15140, 24564, 50, 56
2026/05/02 13:22:23.394, 15140, 24564, 51, 57
2026/05/02 13:22:28.466, 15140, 24564, 43, 56
2026/05/02 13:22:33.535, 15140, 24564, 37, 57
2026/05/02 13:22:38.601, 15140, 24564, 43, 55
2026/05/02 13:22:43.671, 15140, 24564, 38, 58
2026/05/02 13:22:48.737, 15140, 24564, 32, 56
2026/05/02 13:22:53.805, 15140, 24564, 34, 56
2026/05/02 13:22:58.872, 15140, 24564, 84, 61
2026/05/02 13:23:03.941, 15140, 24564, 60, 56
2026/05/02 13:23:09.011, 15140, 24564, 57, 59
2026/05/02 13:23:14.078, 15140, 24564, 41, 56
2026/05/02 13:23:19.144, 15140, 24564, 34, 57
2026/05/02 13:23:24.210, 15140, 24564, 59, 56
2026/05/02 13:23:29.279, 15140, 24564, 55, 57
2026/05/02 13:23:34.342, 15140, 24564, 41, 55
2026/05/02 13:23:39.408, 15140, 24564, 58, 57
2026/05/02 13:23:44.473, 15140, 24564, 45, 57
2026/05/02 13:23:49.541, 15140, 24564, 52, 57
2026/05/02 13:23:54.604, 15140, 24564, 88, 59
2026/05/02 13:23:59.670, 15140, 24564, 48, 58
2026/05/02 13:24:04.760, 15140, 24564, 75, 59
2026/05/02 13:24:09.827, 15140, 24564, 38, 56
2026/05/02 13:24:14.893, 15140, 24564, 55, 57
2026/05/02 13:24:19.961, 15140, 24564, 39, 57
2026/05/02 13:24:25.028, 15140, 24564, 54, 58
2026/05/02 13:24:30.094, 15140, 24564, 38, 55
2026/05/02 13:24:35.159, 15140, 24564, 40, 56
2026/05/02 13:24:40.224, 15140, 24564, 86, 61
2026/05/02 13:24:45.290, 15140, 24564, 40, 56
2026/05/02 13:24:50.355, 15140, 24564, 87, 62
2026/05/02 13:24:55.417, 15140, 24564, 40, 57
2026/05/02 13:25:00.486, 15140, 24564, 57, 57
2026/05/02 13:25:05.555, 15140, 24564, 40, 56
2026/05/02 13:25:10.624, 15140, 24564, 35, 57
2026/05/02 13:25:15.692, 15140, 24564, 53, 56
2026/05/02 13:25:20.760, 15140, 24564, 55, 56
2026/05/02 13:25:25.821, 15140, 24564, 84, 60
2026/05/02 13:25:30.887, 15140, 24564, 36, 56
2026/05/02 13:25:35.950, 15140, 24564, 87, 63
2026/05/02 13:25:41.019, 15140, 24564, 49, 56
2026/05/02 13:25:46.088, 15140, 24564, 59, 57
2026/05/02 13:25:51.155, 15140, 24564, 47, 56
2026/05/02 13:25:56.224, 15140, 24564, 59, 57
2026/05/02 13:26:01.291, 15140, 24564, 47, 56
2026/05/02 13:26:06.356, 15140, 24564, 42, 57
2026/05/02 13:26:11.424, 15140, 24564, 87, 62
2026/05/02 13:26:16.490, 15140, 24564, 32, 57
2026/05/02 13:26:21.555, 15140, 24564, 58, 59
2026/05/02 13:26:26.624, 15140, 24564, 43, 56
2026/05/02 13:26:31.691, 15140, 24564, 57, 58
2026/05/02 13:26:36.760, 15140, 24564, 37, 56
2026/05/02 13:26:41.832, 15140, 24564, 36, 57
2026/05/02 13:26:46.899, 15140, 24564, 30, 55
2026/05/02 13:26:51.974, 15140, 24564, 40, 58
2026/05/02 13:26:57.043, 15140, 24564, 83, 64
2026/05/02 13:27:02.110, 15140, 24564, 56, 56
2026/05/02 13:27:07.177, 15140, 24564, 45, 58
2026/05/02 13:27:12.245, 15140, 24564, 44, 58
2026/05/02 13:27:17.311, 15140, 24564, 45, 57
2026/05/02 13:27:22.376, 15140, 24564, 67, 55
2026/05/02 13:27:27.439, 15140, 24564, 46, 56
2026/05/02 13:27:32.504, 15140, 24564, 72, 64
2026/05/02 13:27:37.574, 15140, 24564, 38, 57
2026/05/02 13:27:42.641, 15140, 24564, 45, 57
2026/05/02 13:27:47.710, 15140, 24564, 46, 58
2026/05/02 13:27:52.781, 15140, 24564, 59, 57
2026/05/02 13:27:57.847, 15140, 24564, 87, 61
2026/05/02 13:28:02.914, 15140, 24564, 38, 56
2026/05/02 13:28:07.985, 15140, 24564, 44, 58
2026/05/02 13:28:13.051, 15140, 24564, 41, 57
2026/05/02 13:28:18.122, 15140, 24564, 43, 57
2026/05/02 13:28:23.188, 15140, 24564, 55, 57
2026/05/02 13:28:28.257, 15140, 24564, 58, 57
2026/05/02 13:28:33.322, 15140, 24564, 86, 64
2026/05/02 13:28:38.394, 15140, 24564, 49, 57
2026/05/02 13:28:43.462, 15140, 24564, 50, 57
2026/05/02 13:28:48.532, 15140, 24564, 59, 57
2026/05/02 13:28:53.603, 15140, 24564, 37, 58
2026/05/02 13:28:58.667, 15140, 24564, 55, 56
2026/05/02 13:29:03.736, 15140, 24564, 39, 56
2026/05/02 13:29:08.804, 15140, 24564, 76, 62
2026/05/02 13:29:13.871, 15140, 24564, 45, 56
2026/05/02 13:29:18.941, 15140, 24564, 57, 56
2026/05/02 13:29:24.012, 15140, 24564, 57, 55
2026/05/02 13:29:29.079, 15140, 24564, 58, 57
2026/05/02 13:29:34.143, 15140, 24564, 85, 56
2026/05/02 13:29:39.259, 15140, 24564, 38, 56
2026/05/02 13:29:44.327, 15140, 24564, 45, 57
2026/05/02 13:29:49.391, 15140, 24564, 35, 56
2026/05/02 13:29:54.455, 15140, 24564, 55, 57
2026/05/02 13:29:59.525, 15140, 24564, 44, 56
2026/05/02 13:30:04.591, 15140, 24564, 43, 56
2026/05/02 13:30:09.674, 15140, 24564, 87, 60
2026/05/02 13:30:14.741, 15140, 24564, 38, 56
2026/05/02 13:30:19.811, 15140, 24564, 76, 59
2026/05/02 13:30:24.877, 15140, 24564, 39, 56
2026/05/02 13:30:29.942, 15140, 24564, 34, 57
2026/05/02 13:30:35.010, 15140, 24564, 44, 57
2026/05/02 13:30:40.077, 15140, 24564, 35, 56
2026/05/02 13:30:45.149, 15140, 24564, 54, 57
2026/05/02 13:30:50.216, 15140, 24564, 44, 56
2026/05/02 13:30:55.281, 15140, 24564, 87, 63
2026/05/02 13:31:00.348, 15140, 24564, 44, 56
2026/05/02 13:31:05.414, 15140, 24564, 38, 57
2026/05/02 13:31:10.480, 15140, 24564, 45, 57
2026/05/02 13:31:15.549, 15140, 24564, 53, 57
2026/05/02 13:31:20.616, 15140, 24564, 52, 56
2026/05/02 13:31:25.683, 15140, 24564, 59, 57
2026/05/02 13:31:30.752, 15140, 24564, 31, 56
2026/05/02 13:31:35.817, 15140, 24564, 44, 57
2026/05/02 13:31:40.884, 15140, 24564, 86, 63
2026/05/02 13:31:45.950, 15140, 24564, 34, 56
2026/05/02 13:31:51.016, 15140, 24564, 32, 58
2026/05/02 13:31:56.088, 15140, 24564, 42, 56
2026/05/02 13:32:01.153, 15140, 24564, 57, 57
2026/05/02 13:32:06.219, 15140, 24564, 55, 57
2026/05/02 13:32:11.291, 15140, 24564, 41, 57
2026/05/02 13:32:16.356, 15140, 24564, 60, 57
2026/05/02 13:32:21.422, 15140, 24564, 36, 57
2026/05/02 13:32:26.492, 15140, 24564, 31, 57
2026/05/02 13:32:31.561, 15140, 24564, 46, 57
2026/05/02 13:32:36.626, 15140, 24564, 53, 55
2026/05/02 13:32:41.692, 15140, 24564, 37, 57
2026/05/02 13:32:46.766, 15140, 24564, 54, 56
2026/05/02 13:32:51.833, 15140, 24564, 52, 56
2026/05/02 13:32:56.916, 15140, 24564, 87, 61
2026/05/02 13:33:01.981, 15140, 24564, 57, 56
2026/05/02 13:33:07.044, 15140, 24564, 87, 62
2026/05/02 13:33:12.116, 15140, 24564, 51, 56
2026/05/02 13:33:17.179, 15140, 24564, 87, 64
2026/05/02 13:33:22.249, 15140, 24564, 38, 56
2026/05/02 13:33:27.366, 15140, 24564, 73, 60
2026/05/02 13:33:32.439, 15140, 24564, 36, 56
2026/05/02 13:33:37.506, 15140, 24564, 39, 59
2026/05/02 13:33:42.570, 15140, 24564, 44, 56
2026/05/02 13:33:47.635, 15140, 24564, 34, 57
2026/05/02 13:33:52.702, 15140, 24564, 53, 57
2026/05/02 13:33:57.772, 15140, 24564, 40, 56
2026/05/02 13:34:02.842, 15140, 24564, 30, 56
2026/05/02 13:34:07.910, 15140, 24564, 54, 57
2026/05/02 13:34:12.979, 15140, 24564, 43, 56
2026/05/02 13:34:18.051, 15140, 24564, 50, 56
2026/05/02 13:34:23.117, 15140, 24564, 35, 56
2026/05/02 13:34:28.184, 15140, 24564, 50, 58
2026/05/02 13:34:33.251, 15140, 24564, 85, 62
2026/05/02 13:34:38.320, 15140, 24564, 42, 56
2026/05/02 13:34:43.385, 15140, 24564, 87, 63
2026/05/02 13:34:48.451, 15140, 24564, 54, 57
2026/05/02 13:34:53.522, 15140, 24564, 55, 57
2026/05/02 13:34:58.586, 15140, 24564, 53, 56
2026/05/02 13:35:03.651, 15140, 24564, 64, 63
2026/05/02 13:35:08.719, 15140, 24564, 56, 56
2026/05/02 13:35:13.787, 15140, 24564, 35, 57
2026/05/02 13:35:18.854, 15140, 24564, 44, 56
2026/05/02 13:35:23.928, 15140, 24564, 52, 57
2026/05/02 13:35:28.997, 15140, 24564, 38, 56
2026/05/02 13:35:34.066, 15140, 24564, 56, 56
2026/05/02 13:35:39.134, 15140, 24564, 32, 56
2026/05/02 13:35:44.205, 15140, 24564, 59, 57
2026/05/02 13:35:49.272, 15140, 24564, 35, 62
2026/05/02 13:35:54.346, 15140, 24564, 37, 57
2026/05/02 13:35:59.416, 15140, 24564, 85, 63
2026/05/02 13:36:04.482, 15140, 24564, 46, 55
2026/05/02 13:36:09.553, 15140, 24564, 57, 58
2026/05/02 13:36:14.619, 15140, 24564, 58, 57
2026/05/02 13:36:19.686, 15140, 24564, 41, 57
2026/05/02 13:36:24.757, 15140, 24564, 32, 56
2026/05/02 13:36:29.824, 15140, 24564, 46, 57
2026/05/02 13:36:34.890, 15140, 24564, 37, 56
2026/05/02 13:36:39.959, 15140, 24564, 34, 57
2026/05/02 13:36:45.025, 15140, 24564, 87, 63
2026/05/02 13:36:50.092, 15140, 24564, 50, 57
2026/05/02 13:36:55.161, 15140, 24564, 44, 57
2026/05/02 13:37:00.226, 15140, 24564, 45, 56
2026/05/02 13:37:05.295, 15140, 24564, 42, 56
2026/05/02 13:37:10.363, 15140, 24564, 41, 57
2026/05/02 13:37:15.428, 15140, 24564, 54, 58
2026/05/02 13:37:20.525, 15140, 24564, 85, 65
2026/05/02 13:37:25.595, 15140, 24564, 50, 57
2026/05/02 13:37:30.662, 15140, 24564, 37, 59
2026/05/02 13:37:35.729, 15140, 24564, 58, 56
2026/05/02 13:37:40.795, 15140, 24564, 44, 58
2026/05/02 13:37:45.869, 15140, 24564, 54, 57
2026/05/02 13:37:50.938, 15140, 24564, 28, 57
2026/05/02 13:37:56.006, 15140, 24564, 48, 56
2026/05/02 13:38:01.072, 15140, 24564, 44, 56
2026/05/02 13:38:06.138, 15140, 24564, 84, 62
2026/05/02 13:38:11.203, 15140, 24564, 36, 56
2026/05/02 13:38:16.275, 15140, 24564, 64, 64
2026/05/02 13:38:21.346, 15140, 24564, 54, 56
2026/05/02 13:38:26.415, 15140, 24564, 56, 57
2026/05/02 13:38:31.481, 15140, 24564, 42, 55
2026/05/02 13:38:36.551, 15140, 24564, 55, 56
2026/05/02 13:38:41.624, 15140, 24564, 43, 56
2026/05/02 13:38:46.690, 15140, 24564, 39, 57
2026/05/02 13:38:51.760, 15140, 24564, 52, 56
2026/05/02 13:38:56.828, 15140, 24564, 57, 56
2026/05/02 13:39:01.913, 15140, 24564, 85, 64
2026/05/02 13:39:06.979, 15140, 24564, 44, 57
2026/05/02 13:39:12.046, 15140, 24564, 85, 64
2026/05/02 13:39:17.116, 15140, 24564, 42, 55
2026/05/02 13:39:22.187, 15140, 24564, 41, 57
2026/05/02 13:39:27.255, 15140, 24564, 48, 56
2026/05/02 13:39:32.327, 15140, 24564, 37, 56
2026/05/02 13:39:37.394, 15140, 24564, 41, 57
2026/05/02 13:39:42.468, 15140, 24564, 40, 57
2026/05/02 13:39:47.537, 15140, 24564, 59, 55
2026/05/02 13:39:52.614, 15140, 24564, 54, 56
2026/05/02 13:39:57.679, 15140, 24564, 58, 56
2026/05/02 13:40:02.749, 15140, 24564, 40, 56
2026/05/02 13:40:07.811, 15140, 24564, 87, 63
2026/05/02 13:40:12.876, 15140, 24564, 56, 56
2026/05/02 13:40:17.954, 15140, 24564, 55, 59
2026/05/02 13:40:23.018, 15140, 24564, 42, 57
2026/05/02 13:40:28.088, 15140, 24564, 38, 57
2026/05/02 13:40:33.156, 15140, 24564, 51, 55
2026/05/02 13:40:38.223, 15140, 24564, 56, 57
2026/05/02 13:40:43.291, 15140, 24564, 54, 56
2026/05/02 13:40:48.363, 15140, 24564, 41, 57
2026/05/02 13:40:53.430, 15140, 24564, 55, 56
2026/05/02 13:40:58.495, 15140, 24564, 40, 56
2026/05/02 13:41:03.560, 15140, 24564, 44, 57
2026/05/02 13:41:08.632, 15140, 24564, 38, 55
2026/05/02 13:41:13.698, 15140, 24564, 87, 60
2026/05/02 13:41:18.764, 15140, 24564, 55, 57
2026/05/02 13:41:23.828, 15140, 24564, 81, 61
2026/05/02 13:41:28.895, 15140, 24564, 31, 57
2026/05/02 13:41:33.961, 15140, 24564, 58, 61
2026/05/02 13:41:39.027, 15140, 24564, 53, 56
2026/05/02 13:41:44.093, 15140, 24564, 80, 63
2026/05/02 13:41:49.159, 15140, 24564, 33, 56
2026/05/02 13:41:54.274, 15140, 24564, 87, 61
2026/05/02 13:41:59.337, 15140, 24564, 50, 55
2026/05/02 13:42:04.403, 15140, 24564, 55, 57
2026/05/02 13:42:09.473, 15140, 24564, 33, 56
2026/05/02 13:42:14.541, 15140, 24564, 48, 58
2026/05/02 13:42:19.612, 15140, 24564, 38, 56
2026/05/02 13:42:24.678, 15140, 24564, 54, 58
2026/05/02 13:42:29.746, 15140, 24564, 32, 56
2026/05/02 13:42:34.813, 15140, 24564, 33, 58
2026/05/02 13:42:39.880, 15140, 24564, 30, 56
2026/05/02 13:42:44.946, 15140, 24564, 56, 57
2026/05/02 13:42:50.013, 15140, 24564, 48, 56
2026/05/02 13:42:55.077, 15140, 24564, 28, 57
2026/05/02 13:43:00.143, 15140, 24564, 53, 56
2026/05/02 13:43:05.210, 15140, 24564, 44, 57
2026/05/02 13:43:10.278, 15140, 24564, 31, 55
2026/05/02 13:43:15.347, 15140, 24564, 32, 57
2026/05/02 13:43:20.415, 15140, 24564, 50, 56
2026/05/02 13:43:25.485, 15140, 24564, 28, 58
2026/05/02 13:43:30.551, 15140, 24564, 33, 55
2026/05/02 13:43:35.620, 15140, 24564, 56, 57
2026/05/02 13:43:40.683, 15140, 24564, 47, 55
2026/05/02 13:43:45.750, 15140, 24564, 48, 56
2026/05/02 13:43:50.821, 15140, 24564, 50, 56
2026/05/02 13:43:55.890, 15140, 24564, 34, 55
2026/05/02 13:44:00.956, 15140, 24564, 44, 56
2026/05/02 13:44:06.030, 15140, 24564, 54, 56
2026/05/02 13:44:11.098, 15140, 24564, 43, 56
2026/05/02 13:44:16.167, 15140, 24564, 56, 56
2026/05/02 13:44:21.233, 15140, 24564, 59, 56
2026/05/02 13:44:26.307, 15140, 24564, 49, 56
2026/05/02 13:44:31.372, 15140, 24564, 87, 61
2026/05/02 13:44:36.439, 15140, 24564, 57, 56
2026/05/02 13:44:41.505, 15140, 24564, 84, 65
2026/05/02 13:44:46.573, 15140, 24564, 41, 57
2026/05/02 13:44:51.643, 15140, 24564, 41, 58
2026/05/02 13:44:56.708, 15140, 24564, 34, 57
2026/05/02 13:45:01.776, 15140, 24564, 32, 58
2026/05/02 13:45:06.846, 15140, 24564, 40, 57
2026/05/02 13:45:11.912, 15140, 24564, 48, 57
2026/05/02 13:45:16.978, 15140, 24564, 44, 56
2026/05/02 13:45:22.054, 15140, 24564, 53, 56
2026/05/02 13:45:27.128, 15140, 24564, 45, 55
2026/05/02 13:45:32.197, 15140, 24564, 55, 57
2026/05/02 13:45:37.268, 15140, 24564, 56, 57
2026/05/02 13:45:42.338, 15140, 24564, 43, 56
2026/05/02 13:45:47.403, 15140, 24564, 87, 62
2026/05/02 13:45:52.470, 15140, 24564, 40, 56
2026/05/02 13:45:57.533, 15140, 24564, 87, 64
2026/05/02 13:46:02.599, 15140, 24564, 42, 56
2026/05/02 13:46:07.667, 15140, 24564, 34, 57
2026/05/02 13:46:12.733, 15140, 24564, 39, 56
2026/05/02 13:46:17.803, 15140, 24564, 37, 57
2026/05/02 13:46:22.868, 15140, 24564, 39, 56
2026/05/02 13:46:27.935, 15140, 24564, 37, 56
2026/05/02 13:46:33.002, 15140, 24564, 53, 56
2026/05/02 13:46:38.069, 15140, 24564, 39, 55
2026/05/02 13:46:43.136, 15140, 24564, 57, 56
2026/05/02 13:46:48.201, 15140, 24564, 35, 56
2026/05/02 13:46:53.269, 15140, 24564, 51, 56
2026/05/02 13:46:58.336, 15140, 24564, 47, 57
2026/05/02 13:47:03.402, 15140, 24564, 87, 62
2026/05/02 13:47:08.469, 15140, 24564, 43, 56
2026/05/02 13:47:13.534, 15140, 24564, 39, 57
2026/05/02 13:47:18.604, 15140, 24564, 30, 56
2026/05/02 13:47:23.671, 15140, 24564, 35, 58
2026/05/02 13:47:28.743, 15140, 24564, 41, 57
2026/05/02 13:47:33.814, 15140, 24564, 57, 57
2026/05/02 13:47:38.884, 15140, 24564, 40, 56
2026/05/02 13:47:43.956, 15140, 24564, 39, 57
2026/05/02 13:47:49.022, 15140, 24564, 46, 57
2026/05/02 13:47:54.091, 15140, 24564, 56, 56
2026/05/02 13:47:59.155, 15140, 24564, 62, 56
2026/05/02 13:48:04.222, 15140, 24564, 53, 56
2026/05/02 13:48:09.289, 15140, 24564, 87, 63
2026/05/02 13:48:14.355, 15140, 24564, 35, 56
2026/05/02 13:48:19.421, 15140, 24564, 72, 60
2026/05/02 13:48:24.486, 15140, 24564, 27, 56
2026/05/02 13:48:29.553, 15140, 24564, 47, 57
2026/05/02 13:48:34.622, 15140, 24564, 53, 56
2026/05/02 13:48:39.689, 15140, 24564, 38, 57
2026/05/02 13:48:44.757, 15140, 24564, 42, 56
2026/05/02 13:48:49.829, 15140, 24564, 52, 57
2026/05/02 13:48:54.899, 15140, 24564, 38, 56
2026/05/02 13:48:59.970, 15140, 24564, 38, 56
2026/05/02 13:49:05.035, 15140, 24564, 34, 56
2026/05/02 13:49:10.109, 15140, 24564, 52, 56
2026/05/02 13:49:15.182, 15140, 24564, 86, 59
2026/05/02 13:49:20.247, 15140, 24564, 37, 56
2026/05/02 13:49:25.337, 15140, 24564, 87, 62
2026/05/02 13:49:30.401, 15140, 24564, 56, 56
2026/05/02 13:49:35.467, 15140, 24564, 52, 57
2026/05/02 13:49:40.534, 15140, 24564, 38, 56
2026/05/02 13:49:45.602, 15140, 24564, 34, 57
2026/05/02 13:49:50.671, 15140, 24564, 41, 55
2026/05/02 13:49:55.739, 15140, 24564, 37, 55
2026/05/02 13:50:00.804, 15140, 24564, 53, 56
2026/05/02 13:50:05.872, 15140, 24564, 46, 55
2026/05/02 13:50:10.944, 15140, 24564, 50, 55
2026/05/02 13:50:16.011, 15140, 24564, 31, 55
2026/05/02 13:50:21.076, 15140, 24564, 40, 56
2026/05/02 13:50:26.146, 15140, 24564, 38, 57
2026/05/02 13:50:31.216, 15140, 24564, 85, 61
2026/05/02 13:50:36.283, 15140, 24564, 51, 56
2026/05/02 13:50:41.348, 15140, 24564, 87, 61
2026/05/02 13:50:46.414, 15140, 24564, 54, 55
2026/05/02 13:50:51.479, 15140, 24564, 35, 59
2026/05/02 13:50:56.548, 15140, 24564, 41, 55
2026/05/02 13:51:01.613, 15140, 24564, 38, 57
2026/05/02 13:51:06.687, 15140, 24564, 48, 55
2026/05/02 13:51:11.759, 15140, 24564, 35, 56
2026/05/02 13:51:16.826, 15140, 24564, 47, 55
2026/05/02 13:51:21.895, 15140, 24564, 28, 56
2026/05/02 13:51:26.962, 15140, 24564, 42, 56
2026/05/02 13:51:32.029, 15140, 24564, 58, 59
2026/05/02 13:51:37.096, 15140, 24564, 30, 56
2026/05/02 13:51:42.158, 15140, 24564, 63, 62
2026/05/02 13:51:47.223, 15140, 24564, 52, 55
2026/05/02 13:51:52.289, 15140, 24564, 69, 63
2026/05/02 13:51:57.357, 15140, 24564, 34, 55
2026/05/02 13:52:02.424, 15140, 24564, 56, 58
2026/05/02 13:52:07.492, 15140, 24564, 56, 56
2026/05/02 13:52:12.561, 15140, 24564, 36, 56
2026/05/02 13:52:17.626, 15140, 24564, 50, 56
2026/05/02 13:52:22.691, 15140, 24564, 9, 57
2026/05/02 13:52:27.759, 15140, 24564, 48, 56
2026/05/02 13:52:32.827, 15140, 24564, 48, 58
2026/05/02 13:52:37.893, 15140, 24564, 31, 56
2026/05/02 13:52:42.963, 15140, 24564, 47, 57
2026/05/02 13:52:48.029, 15140, 24564, 29, 56
2026/05/02 13:52:53.098, 15140, 24564, 56, 57
2026/05/02 13:52:58.166, 15140, 24564, 32, 56
2026/05/02 13:53:03.231, 15140, 24564, 36, 57
2026/05/02 13:53:08.298, 15140, 24564, 40, 56
2026/05/02 13:53:13.367, 15140, 24564, 38, 55
2026/05/02 13:53:18.433, 15140, 24564, 31, 56
2026/05/02 13:53:23.501, 15140, 24564, 39, 56
2026/05/02 13:53:28.567, 15140, 24564, 28, 56
2026/05/02 13:53:33.642, 15140, 24564, 47, 56
2026/05/02 13:53:38.714, 15140, 24564, 55, 55
2026/05/02 13:53:43.785, 15140, 24564, 45, 58
2026/05/02 13:53:48.851, 15140, 24564, 33, 56
2026/05/02 13:53:53.918, 15140, 24564, 13, 55
2026/05/02 13:53:58.980, 15140, 24564, 28, 54
2026/05/02 13:54:04.051, 15140, 24564, 44, 57
2026/05/02 13:54:09.117, 15140, 24564, 45, 55
2026/05/02 13:54:14.178, 15140, 24564, 0, 54
2026/05/02 13:54:19.286, 340, 24564, 0, 50
2026/05/02 23:59:01.3172026/05/02 23:59:01.316, 415, 415, 24564, 24564, 9, 9, 29, 29

2026/05/02 23:59:06.4532026/05/02 23:59:06.453, 415, 415, 24564, 24564, 1, 1, 29, 29

2026/05/02 23:59:11.5582026/05/02 23:59:11.558, 8134, 8134, 24564, 24564, 0, 0, 31, 31

2026/05/02 23:59:16.654, 9754, 24564, 89, 33
2026/05/02 23:59:16.660, 9754, 24564, 89, 33
2026/05/02 23:59:21.754, 9754, 24564, 87, 342026/05/02 23:59:21.758
, 9754, 24564, 87, 34
2026/05/02 23:59:26.852, 11534, 245642026/05/02 23:59:26.853, 89, 11534, 35, 24564
, 89, 35
2026/05/02 23:59:31.949, 11538, 24564, 96, 37
2026/05/02 23:59:31.949, 11538, 24564, 96, 37
2026/05/02 23:59:37.051, 12764, 24564, 74, 38
2026/05/02 23:59:37.055, 12764, 24564, 74, 38
2026/05/02 23:59:42.163, 12766, 24564, 91, 39
2026/05/02 23:59:42.169, 12766, 24564, 91, 39
2026/05/02 23:59:47.266, 12766, 24564, 89, 40
2026/05/02 23:59:47.275, 12766, 24564, 89, 40
2026/05/02 23:59:52.348, 12766, 24564, 88, 41
2026/05/02 23:59:52.363, 12766, 24564, 88, 41
2026/05/02 23:59:57.437, 12766, 24564, 87, 41
2026/05/02 23:59:57.461, 12766, 24564, 87, 41
2026/05/03 00:00:02.561, 13732, 24564, 79, 42
2026/05/03 00:00:02.594, 13732, 24564, 79, 42
2026/05/03 00:00:07.654, 16866, 24564, 91, 44
2026/05/03 00:00:07.680, 16866, 24564, 91, 44
2026/05/03 00:00:12.741, 16872, 24564, 84, 45
2026/05/03 00:00:12.772, 16872, 24564, 84, 45
2026/05/03 00:00:17.822, 24037, 24564, 100, 44
2026/05/03 00:00:17.919, 24037, 24564, 100, 44
2026/05/03 00:00:22.956, 24007, 24564, 100, 45
2026/05/03 00:00:23.356, 24071, 24564, 100, 45
2026/05/03 00:00:28.400, 24083, 24564, 100, 45
2026/05/03 00:00:29.111, 24083, 24564, 100, 45
2026/05/03 00:00:34.137, 24017, 24564, 100, 46
2026/05/03 00:00:34.513, 24083, 24564, 100, 46
2026/05/03 00:00:39.535, 24083, 24564, 100, 46
2026/05/03 00:00:39.928, 24083, 24564, 100, 46
2026/05/03 00:00:44.958, 24019, 24564, 100, 47
2026/05/03 00:00:45.351, 24083, 24564, 100, 47
2026/05/03 00:00:50.377, 24083, 24564, 100, 47
2026/05/03 00:00:50.904, 24083, 24564, 100, 47
2026/05/03 00:00:55.906, 24019, 24564, 100, 48
2026/05/03 00:00:56.345, 24083, 24564, 100, 48
2026/05/03 00:01:01.364, 24083, 24564, 100, 48
2026/05/03 00:01:03.973, 24083, 24564, 100, 48
2026/05/03 00:01:22.917, 24083, 24564, 100, 492026/05/03 00:01:22.918
, 24083, 24564, 100, 49
2026/05/03 00:01:29.359, 24083, 24564, 100, 50
2026/05/03 00:01:29.398, 24083, 24564, 100, 50
2026/05/03 00:02:05.052, 24083, 24564, 1002026/05/03 00:02:05.052, 52, 24083
, 24564, 100, 52
2026/05/03 00:02:12.138, 24083, 24564, 100, 52
2026/05/03 00:02:25.243, 24083, 24564, 100, 53
2026/05/03 00:02:40.070, 24083, 24564, 1002026/05/03 00:02:40.070, 54, 24083
, 24564, 100, 54
2026/05/03 00:02:45.972, 24029, 24564, 0, 50
2026/05/03 00:02:45.973, 24029, 24564, 0, 50
2026/05/03 00:02:56.614, 24041, 24564, 66, 532026/05/03 00:02:56.614
, 24041, 24564, 66, 53
2026/05/03 00:03:05.288, 24037, 24564, 12, 53
2026/05/03 00:03:05.298, 24005, 24564, 12, 53
2026/05/03 00:03:10.368, 23965, 24564, 100, 54
2026/05/03 00:03:14.126, 24021, 24564, 100, 54
2026/05/03 00:03:19.162, 23937, 24564, 0, 53
2026/05/03 00:03:34.202, 23941, 24564, 53, 48
2026/05/03 00:03:39.215, 23939, 24564, 94, 51
2026/05/03 00:03:40.675, 23929, 24564, 96, 51
2026/05/03 00:03:48.802, 23917, 24564, 96, 51
2026/05/03 00:05:05.255, 23862, 24564, 100, 54
2026/05/03 00:05:05.256, 23862, 24564, 100, 54
2026/05/03 00:05:23.526, 238582026/05/03 00:05:23.526, 24564, 23858, 19, 24564, 52, 19
, 52
2026/05/03 00:06:02.578, 237642026/05/03 00:06:02.579, 24564, 23764, 50, 24564, 47, 50
, 47
2026/05/03 00:07:09.333, 23776, 24564, 2, 43
2026/05/03 00:07:45.902, 23830, 24564, 7, 41
2026/05/03 00:09:03.712, 23820, 24564, 13, 44
2026/05/03 00:09:10.483, 23832, 24564, 83, 47
2026/05/03 00:09:49.409, 23776, 24564, 100, 51
2026/05/03 00:09:59.149, 23788, 24564, 2, 49
2026/05/03 00:10:09.283, 23788, 24564, 21, 47
2026/05/03 00:12:03.487, 23852, 24564, 22, 38
2026/05/03 00:17:52.372, 23797, 24564, 40, 49
2026/05/03 00:20:26.370, 23720, 24564, 38, 53
2026/05/03 00:21:00.545, 23735, 24564, 100, 56
2026/05/03 00:21:04.731, 23791, 24564, 35, 53
2026/05/03 00:21:16.481, 23724, 24564, 100, 56
2026/05/03 00:21:16.492, 23724, 24564, 100, 56
2026/05/03 00:21:34.275, 23723, 24564, 99, 53
2026/05/03 00:21:34.285, 23723, 24564, 99, 53
2026/05/03 00:21:57.072, 23645, 24564, 7, 52
2026/05/03 00:21:57.072, 23645, 24564, 7, 52
2026/05/03 00:22:03.655, 23625, 24564, 76, 54
2026/05/03 00:22:10.519, 23693, 24564, 29, 55
2026/05/03 00:22:47.368, 234432026/05/03 00:22:47.369, 24564, 23443, 59, 24564, 56, 59
, 56
2026/05/03 00:24:27.715, 23627, 245642026/05/03 00:24:27.715, 57, 23627, 42, 24564
, 57, 42
2026/05/03 00:24:52.652, 23703, 24564, 98, 47
2026/05/03 00:25:03.830, 23683, 24564, 100, 51
2026/05/03 00:25:03.831, 23683, 24564, 100, 51
2026/05/03 00:25:38.935, 23663, 24564, 48, 55
2026/05/03 00:25:39.266, 23629, 24564, 7, 55
2026/05/03 00:25:47.865, 23631, 24564, 100, 53
2026/05/03 00:25:53.896, 23625, 24564, 93, 50
2026/05/03 00:26:03.364, 23527, 24564, 100, 53
2026/05/03 00:26:35.723, 23533, 24564, 100, 54
2026/05/03 00:26:52.223, 23415, 24564, 55, 53
2026/05/03 00:27:00.377, 23587, 24564, 44, 52
2026/05/03 00:27:00.377, 23587, 24564, 44, 52
2026/05/03 00:27:13.367, 23514, 24564, 100, 54
2026/05/03 00:27:13.367, 23514, 24564, 100, 54
2026/05/03 00:27:55.489, 23342, 24564, 71, 56
2026/05/03 00:27:55.490, 23342, 24564, 71, 56
2026/05/03 00:28:08.865, 23374, 24564, 3, 54
2026/05/03 00:28:19.491, 233982026/05/03 00:28:19.491, 24564, 23398, 100, 24564, 54, 100
, 54
2026/05/03 00:28:39.372, 23436, 245642026/05/03 00:28:39.373, 100, 23436, 54, 24564
, 100, 54
2026/05/03 00:29:12.157, 23306, 24564, 100, 56
2026/05/03 00:29:32.256, 233062026/05/03 00:29:32.256, 24564, 23306, 70, 24564, 57, 70
, 57
2026/05/03 00:29:40.127, 23438, 24564, 100, 56
2026/05/03 00:29:40.139, 23438, 24564, 100, 56
2026/05/03 00:30:03.598, 23420, 24564, 100, 52
2026/05/03 00:30:03.602, 23420, 24564, 100, 52
2026/05/03 00:30:32.236, 235222026/05/03 00:30:32.237, 24564, 23522, 91, 24564, 46, 91
, 46
2026/05/03 00:30:40.082, 23554, 24564, 100, 48
2026/05/03 00:30:46.861, 23482, 24564, 34, 47
2026/05/03 00:30:56.661, 23472, 24564, 69, 49
2026/05/03 00:31:09.523, 23280, 24564, 48, 50
2026/05/03 00:31:10.457, 23340, 24564, 57, 51
2026/05/03 00:31:29.348, 23402, 24564, 49, 51
2026/05/03 00:31:29.348, 23402, 24564, 49, 51
2026/05/03 00:31:40.210, 235262026/05/03 00:31:40.210, 24564, 23526, 100, 24564, 53, 100
, 53
2026/05/03 00:31:46.893, 23420, 24564, 0, 52
2026/05/03 00:31:49.690, 23352, 24564, 28, 52
2026/05/03 00:31:57.306, 23366, 24564, 49, 53
2026/05/03 00:32:02.375, 23374, 24564, 100, 54
2026/05/03 00:32:03.839, 23336, 24564, 100, 54
2026/05/03 00:32:08.855, 23370, 24564, 61, 54
2026/05/03 00:32:10.718, 23214, 24564, 96, 54
2026/05/03 00:32:15.739, 23364, 24564, 100, 53
2026/05/03 00:32:16.628, 23368, 24564, 100, 54
2026/05/03 00:32:21.655, 23382, 24564, 100, 54
2026/05/03 00:32:26.182, 23382, 24564, 94, 54
2026/05/03 00:32:30.163, 23346, 24564, 100, 55
2026/05/03 00:32:47.317, 233262026/05/03 00:32:47.318, 24564, 23326, 100, 24564, 56, 100
, 56
2026/05/03 00:33:01.892, 23248, 24564, 100, 55
2026/05/03 00:33:06.296, 23294, 24564, 83, 53
2026/05/03 00:33:21.139, 23364, 24564, 100, 56
2026/05/03 00:33:34.430, 23360, 24564, 100, 57
2026/05/03 00:33:48.635, 23258, 24564, 74, 57
2026/05/03 00:33:51.004, 23258, 24564, 26, 55
2026/05/03 00:33:57.530, 23332, 24564, 100, 57
2026/05/03 00:35:07.993, 23234, 24564, 0, 47
2026/05/03 00:35:08.001, 23234, 24564, 0, 47
2026/05/03 00:35:27.272, 23376, 24564, 49, 47
2026/05/03 00:35:48.519, 23344, 24564, 100, 52
2026/05/03 00:35:48.629, 23344, 24564, 100, 52
2026/05/03 00:36:02.999, 23252, 24564, 100, 53
2026/05/03 00:36:03.008, 23252, 24564, 100, 53
2026/05/03 00:36:34.010, 23164, 24564, 59, 52
2026/05/03 00:36:41.166, 23226, 24564, 100, 52
2026/05/03 00:37:02.199, 23292, 24564, 100, 55
2026/05/03 00:37:02.199, 23292, 24564, 100, 55
2026/05/03 00:37:34.689, 23154, 24564, 100, 57
2026/05/03 00:37:34.690, 23154, 24564, 100, 57
2026/05/03 00:37:45.525, 23200, 245642026/05/03 00:37:45.525, 86, 23264, 58, 24564
, 86, 58
2026/05/03 00:37:56.285, 231562026/05/03 00:37:56.285, 24564, 23156, 100, 24564, 57, 100
, 57
2026/05/03 00:38:15.518, 23344, 24564, 100, 57
2026/05/03 00:38:15.519, 23344, 24564, 100, 57
2026/05/03 00:38:28.938, 23244, 24564, 100, 57
2026/05/03 00:38:54.025, 23240, 24564, 100, 56
2026/05/03 00:39:06.317, 23276, 24564, 90, 51
2026/05/03 00:39:19.299, 23308, 24564, 100, 54
2026/05/03 00:39:19.304, 23308, 24564, 100, 54
2026/05/03 00:39:28.632, 23308, 24564, 87, 54
2026/05/03 00:39:40.402, 23376, 24564, 100, 54
2026/05/03 00:40:13.920, 23248, 24564, 100, 55
2026/05/03 00:40:22.873, 23170, 24564, 100, 55
2026/05/03 00:40:28.132, 23288, 24564, 100, 55
2026/05/03 00:40:35.007, 23212, 24564, 56, 55
2026/05/03 00:40:55.206, 23232, 24564, 1002026/05/03 00:40:55.206, 56, 23232, 24564
, 100, 56
2026/05/03 00:41:10.467, 23198, 24564, 100, 56
2026/05/03 00:41:39.864, 23284, 24564, 56, 512026/05/03 00:41:39.864
, 23284, 24564, 56, 51
2026/05/03 00:41:52.529, 23340, 24564, 100, 54
2026/05/03 00:41:52.529, 23340, 24564, 100, 54
2026/05/03 00:41:59.181, 23448, 24564, 53, 54
2026/05/03 00:42:14.293, 23278, 24564, 100, 552026/05/03 00:42:14.293
, 23278, 24564, 100, 55
2026/05/03 00:42:40.624, 23322, 24564, 0, 55
2026/05/03 00:42:41.504, 23418, 24564, 53, 55
2026/05/03 00:42:48.204, 23326, 24564, 100, 56
2026/05/03 00:42:53.203, 23352, 24564, 100, 56
2026/05/03 00:43:03.801, 23412, 24564, 100, 56
2026/05/03 00:43:20.442, 23358, 24564, 100, 57
2026/05/03 00:43:53.644, 23276, 24564, 100, 57
2026/05/03 00:44:13.798, 23382, 24564, 97, 56
2026/05/03 00:44:42.584, 23340, 24564, 100, 55
2026/05/03 00:44:42.617, 23404, 24564, 28, 55
2026/05/03 00:45:23.850, 23448, 24564, 100, 56
2026/05/03 00:46:20.175, 23466, 24564, 100, 56
2026/05/03 00:46:55.094, 23466, 24564, 27, 54
2026/05/03 00:47:14.327, 23410, 24564, 43, 56
2026/05/03 00:47:14.335, 23410, 24564, 43, 56
2026/05/03 00:47:36.906, 23478, 24564, 100, 56
2026/05/03 00:47:58.190, 23378, 24564, 100, 56
2026/05/03 00:48:33.932, 23294, 24564, 79, 52
2026/05/03 00:48:33.933, 23294, 24564, 79, 52
2026/05/03 00:48:39.036, 23362, 24564, 16, 52
2026/05/03 00:48:44.179, 23426, 24564, 5, 52
2026/05/03 00:48:54.556, 23434, 245642026/05/03 00:48:54.556, 33, 52, 23434
, 24564, 33, 52
2026/05/03 00:49:01.765, 23354, 24564, 12, 51
2026/05/03 00:49:10.066, 23352, 24564, 24, 50
2026/05/03 00:49:12.718, 23352, 24564, 100, 52
2026/05/03 00:49:24.424, 23388, 24564, 5, 52
